Class,Manufacturer,carline name,displ,cyl,trans,drv,cty,hwy,cmb,ucty,uhwy,ucmb,fl,G,T,S,2pv,2lv,4pv,4lv,hpv,hlv,fcost,eng dscr,trans dscr
TWO SEATERS,ACURA,NSX,3.0,6,Auto(L4),R,18,24,20,19.7874,30.3,23.4483,P,,,,,,,,,,975,DOHC-VTEC,2MODE CLKUP
TWO SEATERS,ACURA,NSX,3.2,6,Manual(M6),R,17,24,20,19.4,30.1291,23.102,P,,,,,,,,,,975,DOHC-VTEC,
TWO SEATERS,BMW,M COUPE,3.2,6,Manual(M5),R,19,26,22,21.3353,33.7663,25.5717,R,,,,,,,,,,785,,
TWO SEATERS,BMW,M ROADSTER,3.2,6,Manual(M5),R,19,26,22,21.3353,33.7663,25.5717,R,,,,,,,,,,785,,
TWO SEATERS,BMW,Z3 COUPE,2.8,6,Auto(L4),R,19,26,22,20.9,33.6,25.1834,R,,,,,,,,,,785,,
TWO SEATERS,BMW,Z3 COUPE,2.8,6,Manual(M5),R,19,26,21,21.0458,32.9812,25.1398,R,,,,,,,,,,821,,
TWO SEATERS,BMW,Z3 ROADSTER,2.5,6,Auto(L4),R,19,26,21,20.9,33.2,25.0815,R,,,,,,,,,,821,,
TWO SEATERS,BMW,Z3 ROADSTER,2.5,6,Manual(M5),R,20,27,22,21.9,34.4,26.1811,R,,,,,,,,,,785,,
TWO SEATERS,BMW,Z3 ROADSTER,2.8,6,Auto(L4),R,19,26,21,21,33,25.1087,R,,,,,,,,,,821,,
TWO SEATERS,BMW,Z3 ROADSTER,2.8,6,Manual(M5),R,19,26,21,21.0458,32.9812,25.1398,R,,,,,,,,,,821,,
TWO SEATERS,CHEVROLET,CORVETTE,5.7,8,Auto(L4),R,17,25,19,18.5,31.5,22.7193,P,,,,,,,,,,1026,,CLKUP
TWO SEATERS,CHEVROLET,CORVETTE,5.7,8,Manual(M6),R,18,28,22,20.5112,36.0095,25.438,P,,,,,,,,,,887,,
TWO SEATERS,FERRARI,FERRARI 550 MARANELLO,5.5,12,Manual(M6),R,9,14,11,10,18,12.5,P,G,,,,,,,,,1773,,
TWO SEATERS,FERRARI,FERRARI F355/355 F1,3.5,8,Auto(A6),R,10,14,11,10.9991,17.9728,13.3259,P,G,,,,,,,,,1773,,3MODE
TWO SEATERS,FERRARI,FERRARI F355/355 F1,3.5,8,Manual(M6),R,10,15,12,11.1,19.6,13.7914,P,G,,,,,,,,,1624,,
TWO SEATERS,LAMBORGHINI,DB132/144 DIABLO,5.7,12,Manual(M5),4,10,13,11,10.9,17.3,13.077,P,G,,,,,,,,,1773,,
TWO SEATERS,MAZDA,MX-5 MIATA,1.8,4,Auto(L4),R,23,28,25,25.3,36.3,29.2947,R,,,,,,,,,,690,,CLKUP
TWO SEATERS,MAZDA,MX-5 MIATA,1.8,4,Manual(M5),R,25,29,27,28.0538,37.6,31.6723,R,,,,,,,,,,638,,
TWO SEATERS,MERCEDES-BENZ,SL500,5.0,8,Auto(L5),R,16,23,19,17.9305,29.2617,21.7144,P,G,,,,,,,,,1026,,EMS 2MODE CLKUP
TWO SEATERS,MERCEDES-BENZ,SL600,6.0,12,Auto(L5),R,13,19,15,14.3679,24.0999,17.5586,P,G,,,,,,,,,1301,,EMS 2MODE CLKUP
TWO SEATERS,MERCEDES-BENZ,SLK230 KOMPRESSOR,2.3,4,Auto(L5),R,22,30,25,24.0384,38.0319,28.8083,P,,,S,,,,,,,780,,EMS 2MODE CLKUP
TWO SEATERS,MERCEDES-BENZ,SLK230 KOMPRESSOR,2.3,4,Manual(M5),R,21,30,24,23.5502,39.0054,28.6605,P,,,S,,,,,,,780,,EMS
TWO SEATERS,PLYMOUTH,PROWLER,3.5,6,Auto(L4),R,17,23,19,19,29.5,22.6236,P,,,,,,,,,,1026,,VMODE CLKUP
TWO SEATERS,PORSCHE,BOXSTER,2.5,6,Auto(A5),R,17,24,19,18.3899,30.623,22.4202,P,,,,,,,,,,1026,,2MODE
TWO SEATERS,PORSCHE,BOXSTER,2.5,6,Manual(M5),R,19,26,22,21.2,33.9499,25.5114,P,,,,,,,,,,887,,
MINICOMPACT CARS,BMW,323I CONVERTIBLE,2.5,6,Auto(L4),R,19,27,22,21.2,34.6465,25.686,R,,,,74,9,,,,,785,,
MINICOMPACT CARS,BMW,323I CONVERTIBLE,2.5,6,Manual(M5),R,21,31,24,22.9,39.3,28.1945,R,,,,74,9,,,,,719,,
MINICOMPACT CARS,BMW,328I CONV,2.8,6,Auto(L4),R,20,27,23,22,34.7,26.3378,R,,,,74,9,,,,,750,,
MINICOMPACT CARS,BMW,328I CONV,2.8,6,Manual(M5),R,20,29,23,22.3,37.2,27.2031,R,,,,74,9,,,,,750,,
MINICOMPACT CARS,BMW,M3 CONVERTIBLE,3.2,6,Auto(L5),R,17,25,20,19.2,32.1,23.4387,R,,,,74,9,,,,,862,,
MINICOMPACT CARS,BMW,M3 CONVERTIBLE,3.2,6,Manual(M5),R,19,26,22,21.3353,33.7663,25.5717,R,,,,74,9,,,,,785,,
MINICOMPACT CARS,JAGUAR,JAGUAR XK8 CONVERTIBLE,4.0,8,Auto(L5),R,17,24,20,18.4316,30.708,22.4748,P,,,,70,10,,,,,1026,,2MODE
MINICOMPACT CARS,MERCEDES-BENZ,CLK320CABRIOLET,3.2,6,Auto(L5),R,19,28,22,21.6242,35.2966,26.1893,P,,,,76,6,,,,,887,,EMS 2MODE CLKUP
MINICOMPACT CARS,MITSUBISHI,MITSUBISHI ECLIPSE CONVERT.,2.0,4,Auto(L4),F,20,27,23,22.3,34,26.3859,P,,T,,,,,,74,5,848,DOHC-TC,CLKUP
MINICOMPACT CARS,MITSUBISHI,MITSUBISHI ECLIPSE CONVERT.,2.0,4,Manual(M5),F,23,31,26,25.5,40.1,30.4966,P,,T,,,,,,74,5,751,DOHC-TC,
MINICOMPACT CARS,MITSUBISHI,MITSUBISHI ECLIPSE CONVERT.,2.4,4,Auto(L4),F,21,28,23,22.7982,36.0809,27.3249,R,,,,,,,,74,5,750,SOHC,CLKUP
MINICOMPACT CARS,MITSUBISHI,MITSUBISHI ECLIPSE CONVERT.,2.4,4,Manual(M5),F,22,30,25,24.3428,37.9345,29.0221,R,,,,,,,,74,5,690,SOHC,
MINICOMPACT CARS,PORSCHE,911 CARRERA,3.4,6,Auto(A5),R,16,25,19,18.2213,32.3493,22.6783,P,,,,70,5,,,,,1026,,2MODE
MINICOMPACT CARS,PORSCHE,911 CARRERA,3.4,6,Manual(M6),R,17,25,20,18.9,32.1,23.1915,P,,,,70,5,,,,,975,,
MINICOMPACT CARS,TOYOTA,CELICA CONVERTIBLE,2.2,4,Auto(L4),F,23,30,26,25.4895,38.1593,29.9668,R,,,,67,7,,,,,664,,CLKUP
MINICOMPACT CARS,TOYOTA,CELICA CONVERTIBLE,2.2,4,Manual(M5),F,22,28,24,24.3276,35.9048,28.4566,R,,,,67,7,,,,,719,,
MINICOMPACT CARS,TOYOTA,PASEO,1.5,4,Auto(L4),F,27,32,29,30.2,41.099,34.2923,R,,,,74,8,,,,,595,,CLKUP
MINICOMPACT CARS,TOYOTA,PASEO,1.5,4,Manual(M5),F,33,41,36,36.2725,52.2473,42.0594,R,,,,74,8,,,,,480,,
MINICOMPACT CARS,TOYOTA,PASEO CONVERTIBLE,1.5,4,Auto(L4),F,27,32,29,30.2,41.099,34.2923,R,,,,64,7,,,,,595,,CLKUP
MINICOMPACT CARS,TOYOTA,PASEO CONVERTIBLE,1.5,4,Manual(M5),F,33,41,36,36.2725,52.2473,42.0594,R,,,,64,7,,,,,480,,
SUBCOMPACT CARS,ACURA,2.3CL/3.0CL,2.3,4,Auto(L4),F,22,30,25,24.7,38,29.3175,R,,,,85,12,,,,,690,VTEC,CLKUP
SUBCOMPACT CARS,ACURA,2.3CL/3.0CL,2.3,4,Manual(M5),F,24,31,27,27,40.3,31.7092,R,,,,85,12,,,,,638,VTEC,
SUBCOMPACT CARS,ACURA,2.3CL/3.0CL,3.0,6,Auto(L4),F,20,28,23,21.7454,35.8907,26.4335,R,,,,85,12,,,,,750,VTEC,CLKUP
SUBCOMPACT CARS,ACURA,INTEGRA,1.8,4,Auto(L4),F,24,32,27,27.1786,40.5673,31.9191,R,,,,,,83,12,77,13,638,,CLKUP
SUBCOMPACT CARS,ACURA,INTEGRA,1.8,4,Manual(M5),F,25,32,28,27.9,40.4,32.4129,R,,,,,,83,12,77,13,616,,
SUBCOMPACT CARS,ACURA,INTEGRA,1.8,4,Manual(M5),F,25,31,27,28.1634,39.1409,32.2312,P,,,,,,83,12,77,13,722,DOHC-VTEC,
SUBCOMPACT CARS,BENTLEY,BENTLEY AZURE,6.8,8,Auto(L4),R,11,16,13,12.3,20,14.8775,P,G,T,,82,7,,,,,1500,L410MT2,EMS 2MODE CLKUP
SUBCOMPACT CARS,BENTLEY,BENTLEY CONTINENTAL SC,6.8,8,Auto(L4),R,11,16,13,12.3,20,14.8775,P,G,T,,85,7,,,,,1500,L410MT2,EMS 2MODE CLKUP
SUBCOMPACT CARS,BENTLEY,BENTLEY CONTINENTAL T,6.8,8,Auto(L4),R,11,16,13,12.3988,20.2547,15.0204,P,G,T,,85,12,,,,,1500,L410MT2,EMS 2MODE CLKUP
SUBCOMPACT CARS,BMW,323IS,2.5,6,Auto(L4),R,19,27,22,21.2,34.6465,25.686,R,,,,82,9,,,,,785,,
SUBCOMPACT CARS,BMW,323IS,2.5,6,Manual(M5),R,21,31,24,22.9,39.3,28.1945,R,,,,82,9,,,,,719,,
SUBCOMPACT CARS,BMW,328IS,2.8,6,Auto(L4),R,20,27,23,22,34.7,26.3378,R,,,,82,9,,,,,750,,
SUBCOMPACT CARS,BMW,328IS,2.8,6,Manual(M5),R,20,29,23,22.3,37.2,27.2031,R,,,,82,9,,,,,750,,
SUBCOMPACT CARS,BMW,M3,3.2,6,Manual(M5),R,19,26,22,21.3353,33.7663,25.5717,R,,,,82,9,86,10,,,785,,
SUBCOMPACT CARS,CHEVROLET,CAMARO,3.8,6,Auto(L4),R,19,29,22,21.0452,36.9304,26.0965,R,,,,85,12,,,82,12,785,,CLKUP
SUBCOMPACT CARS,CHEVROLET,CAMARO,3.8,6,Manual(M5),R,19,30,23,21.3817,38.8202,26.799,R,,,,85,12,,,82,12,750,,
SUBCOMPACT CARS,CHEVROLET,CAMARO,5.7,8,Auto(L4),R,17,24,20,18.6808,31.4018,22.8455,P,,,,85,12,,,82,12,975,,CLKUP
SUBCOMPACT CARS,CHEVROLET,CAMARO,5.7,8,Manual(M6),R,19,28,22,20.556,36.0856,25.493,P,,,,85,12,,,82,12,887,,
SUBCOMPACT CARS,CHEVROLET,CAVALIER,2.2,4,Auto(L3),F,23,29,25,25.1,36.9,29.3191,R,,,,85,12,92,13,,,690,,CLKUP
SUBCOMPACT CARS,CHEVROLET,CAVALIER,2.2,4,Auto(L4),F,23,31,26,25.7476,39.799,30.611,R,,,,85,12,92,13,,,664,,CLKUP
SUBCOMPACT CARS,CHEVROLET,CAVALIER,2.2,4,Manual(M5),F,24,34,28,26.6,43.6,32.2604,R,,,,85,12,92,13,,,616,,SIL
SUBCOMPACT CARS,CHEVROLET,CAVALIER,2.4,4,Auto(L4),F,22,30,25,24.5,39.1,29.4482,R,,,,85,12,92,13,,,690,,CLKUP
SUBCOMPACT CARS,CHEVROLET,CAVALIER,2.4,4,Manual(M5),F,23,33,26,25.1,42.5,30.7687,R,,,,85,12,92,13,,,664,,SIL
SUBCOMPACT CARS,CHEVROLET,METRO,1.0,3,Manual(M5),F,41,47,43,45.3,59.7,50.8157,R,,,,,,80,10,77,8,402,,SIL
SUBCOMPACT CARS,CHEVROLET,METRO,1.3,4,Auto(A3),F,30,34,32,33.4381,44.0944,37.5183,R,,,,,,80,10,77,8,538,,
SUBCOMPACT CARS,CHEVROLET,METRO,1.3,4,Manual(M5),F,39,43,41,43.2429,54.9375,47.8241,R,,,,,,80,10,77,8,421,,SIL
SUBCOMPACT CARS,FERRARI,FERRARI 456 MGT/MGTA,5.5,12,Auto(L4),R,10,15,11,10.6991,19.1,13.3393,P,G,,,87,7,,,,,1773,,CLKUP
SUBCOMPACT CARS,FERRARI,FERRARI 456 MGT/MGTA,5.5,12,Manual(M6),R,10,16,12,10.9,20.6,13.8306,P,G,,,87,7,,,,,1624,,
SUBCOMPACT CARS,FORD,ESCORT ZX2,2.0,4,Auto(L4),F,25,33,28,27.814,41.7259,32.7237,R,,,,81,12,,,,,616,,CLKUP
SUBCOMPACT CARS,FORD,ESCORT ZX2,2.0,4,Manual(M5),F,25,33,28,28.2217,42.4845,33.2439,R,,,,81,12,,,,,616,,
SUBCOMPACT CARS,FORD,MUSTANG,3.8,6,Auto(L4),R,20,27,22,21.8347,34.8985,26.2579,R,,,,83,11,,,,,785,3.8N,CLKUP
SUBCOMPACT CARS,FORD,MUSTANG,3.8,6,Manual(M5),R,20,29,23,21.9,37.1,26.8503,R,,,,83,11,,,,,750,,
SUBCOMPACT CARS,FORD,MUSTANG,4.6,8,Auto(L4),R,17,23,20,19.1969,29.9694,22.9012,R,,,,83,11,,,,,862,,CLKUP
SUBCOMPACT CARS,FORD,MUSTANG,4.6,8,Manual(M5),R,17,24,20,18.7035,31.0806,22.787,R,,,,83,11,,,,,862,,
SUBCOMPACT CARS,HONDA,CIVIC,1.6,4,Auto(L4),F,28,35,31,31.1163,45.0923,36.1596,R,,,,85,12,90,9,86,13,557,,CLKUP
SUBCOMPACT CARS,HONDA,CIVIC,1.6,4,Auto(L4),F,28,35,30,30.7,44.3,35.621,R,,,,85,12,90,9,86,13,574,SOHC-VTEC,CLKUP
SUBCOMPACT CARS,HONDA,CIVIC,1.6,4,Manual(M5),F,32,37,34,35.231,47.5594,39.8833,R,,,,85,12,90,9,86,13,507,,
SUBCOMPACT CARS,HONDA,CIVIC,1.6,4,Manual(M5),F,29,35,32,32.3,45,36.9989,R,,,,85,12,90,9,86,13,538,SOHC-VTEC,
SUBCOMPACT CARS,HONDA,CIVIC,1.6,4,Manual(M5),F,26,31,28,28.6,40.1,32.8378,P,,,,85,12,90,9,86,13,696,DOHC-VTEC,
SUBCOMPACT CARS,HONDA,CIVIC HX,1.6,4,Auto(AV),F,34,38,36,37.4625,48.7866,41.832,R,,,,85,12,,,,,480,VTEC-E,CLKUP
SUBCOMPACT CARS,HONDA,CIVIC HX,1.6,4,Manual(M5),F,35,43,38,38.6058,54.742,44.5099,R,,,,85,12,,,,,454,VTEC-E,
SUBCOMPACT CARS,HONDA,PRELUDE,2.2,4,Auto(L4),F,21,26,23,23.2931,33.9482,27.1241,P,,,,78,9,,,,,848,DOHC-VTEC,2MODE CLKUP
SUBCOMPACT CARS,HONDA,PRELUDE,2.2,4,Manual(M5),F,22,27,24,24.6271,34.104,28.1468,P,,,,78,9,,,,,813,DOHC-VTEC,
SUBCOMPACT CARS,HYUNDAI,ACCENT,1.5,4,Auto(L4),F,26,36,30,29.0814,45.4607,34.7088,R,,,,,,,,88,9,574,,2MODE CLKUP
SUBCOMPACT CARS,HYUNDAI,ACCENT,1.5,4,Manual(M5),F,28,37,32,31.2239,47.8394,37.008,R,,,,,,,,88,9,538,,
SUBCOMPACT CARS,HYUNDAI,TIBURON,2.0,4,Auto(L4),F,22,29,25,24.5879,37.7285,29.1579,R,,,,80,13,,,,,690,,2MODE CLKUP
SUBCOMPACT CARS,HYUNDAI,TIBURON,2.0,4,Manual(M5),F,22,31,26,24.9114,39.8146,29.9575,R,,,,80,13,,,,,664,,
SUBCOMPACT CARS,JAGUAR,JAGUAR XK8,4.0,8,Auto(L5),R,17,25,20,18.7984,31.6499,23.0013,P,,,,75,11,,,,,975,,2MODE
SUBCOMPACT CARS,LEXUS,SC 300/SC 400,3.0,6,Auto(L4),R,19,24,21,20.8499,30.5453,24.3242,P,,,,,,85,9,,,928,,2MODE CLKUP
SUBCOMPACT CARS,LEXUS,SC 300/SC 400,4.0,8,Auto(L5),R,18,25,21,20.398,31.8972,24.3479,P,,,,,,85,9,,,928,,CLKUP
SUBCOMPACT CARS,MERCEDES-BENZ,CLK320,3.2,6,Auto(L5),R,21,29,24,22.8411,36.7347,27.5259,P,,,,81,11,,,,,813,,EMS 2MODE CLKUP
SUBCOMPACT CARS,MERCEDES-BENZ,CLK430,4.3,8,Auto(L5),R,18,25,21,20.3499,31.5972,24.2313,P,,,,80,11,,,,,928,,EMS 2MODE CLKUP
SUBCOMPACT CARS,MITSUBISHI,MITSUBISHI 3000GT,3.0,6,Auto(L4),F,18,23,20,20.4,29.6499,23.7316,R,,,,,,,,82,11,862,SOHC,2MODE CLKUP
SUBCOMPACT CARS,MITSUBISHI,MITSUBISHI 3000GT,3.0,6,Auto(L4),F,18,24,20,19.9,30.8,23.6694,R,,,,,,,,82,11,862,DOHC,2MODE CLKUP
SUBCOMPACT CARS,MITSUBISHI,MITSUBISHI 3000GT,3.0,6,Manual(M5),F,19,24,21,20.9,31.1,24.5187,R,,,,,,,,82,11,821,SOHC,
SUBCOMPACT CARS,MITSUBISHI,MITSUBISHI 3000GT,3.0,6,Manual(M5),F,19,25,21,21.2,31.7,24.9134,R,,,,,,,,82,11,821,DOHC,
SUBCOMPACT CARS,MITSUBISHI,MITSUBISHI 3000GT,3.0,6,Manual(M6),4,18,24,20,19.6,31.2,23.5381,P,,,,,,,,82,11,975,DOHC TURBO,
SUBCOMPACT CARS,MITSUBISHI,MITSUBISHI ECLIPSE,2.0,4,Auto(L4),F,20,27,23,22.5,34.2,26.5941,P,,T,,,,,,79,15,848,DOHC-TC,CLKUP
SUBCOMPACT CARS,MITSUBISHI,MITSUBISHI ECLIPSE,2.0,4,Auto(L4),4,19,25,21,21.3,31.8,25.0172,P,,T,,,,,,79,15,928,DOHC-TC,CLKUP
SUBCOMPACT CARS,MITSUBISHI,MITSUBISHI ECLIPSE,2.0,4,Auto(L4),F,21,30,24,22.9,38.6,28.0304,R,,,,,,,,79,15,719,DOHC,CLKUP
SUBCOMPACT CARS,MITSUBISHI,MITSUBISHI ECLIPSE,2.0,4,Manual(M5),F,22,33,26,24.7996,41.5365,30.2924,R,,,,,,,,79,15,664,DOHC,
SUBCOMPACT CARS,MITSUBISHI,MITSUBISHI ECLIPSE,2.0,4,Manual(M5),4,21,28,24,23.7,35.6,27.8962,P,,T,,,,,,79,15,813,DOHC-TC,
SUBCOMPACT CARS,MITSUBISHI,MITSUBISHI ECLIPSE,2.0,4,Manual(M5),F,23,31,26,25.7,40.2,30.6797,P,,T,,,,,,79,15,751,DOHC-TC,
SUBCOMPACT CARS,MITSUBISHI,MITSUBISHI MIRAGE,1.5,4,Auto(L4),F,28,36,31,31.5509,45.5484,36.6143,R,,,,86,11,91,11,,,557,SOHC,CLKUP
SUBCOMPACT CARS,MITSUBISHI,MITSUBISHI MIRAGE,1.5,4,Manual(M5),F,33,40,36,36.5185,51.1662,41.9186,R,,,,86,11,91,11,,,480,SOHC,
SUBCOMPACT CARS,MITSUBISHI,MITSUBISHI MIRAGE,1.8,4,Auto(L4),F,26,33,29,28.8605,42.1353,33.6281,R,,,,86,11,91,11,,,595,SOHC,CLKUP
SUBCOMPACT CARS,MITSUBISHI,MITSUBISHI MIRAGE,1.8,4,Manual(M5),F,28,36,31,31.5375,46.5584,36.8938,R,,,,86,11,91,11,,,557,SOHC,
SUBCOMPACT CARS,NISSAN,SENTRA/200SX,1.6,4,Auto(L4),F,27,36,30,29.7,46.0876,35.3575,R,,,,84,10,87,11,,,574,,CLKUP
SUBCOMPACT CARS,NISSAN,SENTRA/200SX,1.6,4,Manual(M5),F,29,39,33,32.5365,49.5091,38.4714,R,,,,84,10,87,11,,,523,,
SUBCOMPACT CARS,NISSAN,SENTRA/200SX,2.0,4,Auto(L4),F,23,30,26,25.5499,37.9,29.9403,R,,,,84,10,87,11,,,664,,CLKUP
SUBCOMPACT CARS,NISSAN,SENTRA/200SX,2.0,4,Manual(M5),F,23,31,26,25.2202,39.1205,30.0202,R,,,,84,10,87,11,,,664,,
SUBCOMPACT CARS,PONTIAC,FIREBIRD/TRANS AM,3.8,6,Auto(L4),R,19,29,22,21.1292,36.9865,26.1801,R,,,,84,12,,,84,12,785,,CLKUP
SUBCOMPACT CARS,PONTIAC,FIREBIRD/TRANS AM,3.8,6,Manual(M5),R,19,30,23,21.3901,38.8567,26.814,R,,,,84,12,,,84,12,750,,
SUBCOMPACT CARS,PONTIAC,FIREBIRD/TRANS AM,5.7,8,Auto(L4),R,18,24,20,19.9,30.8,23.6694,P,,,,84,12,,,84,12,975,,CLKUP
SUBCOMPACT CARS,PONTIAC,FIREBIRD/TRANS AM,5.7,8,Manual(M6),R,19,28,22,20.8,36.5,25.7924,P,,,,84,12,,,84,12,887,,
SUBCOMPACT CARS,PONTIAC,SUNFIRE,2.2,4,Auto(L3),F,23,29,25,25.1,36.9,29.3191,R,,,,85,11,90,13,,,690,,CLKUP
SUBCOMPACT CARS,PONTIAC,SUNFIRE,2.2,4,Auto(L4),F,23,31,26,25.7476,39.799,30.611,R,,,,85,11,90,13,,,664,,CLKUP
SUBCOMPACT CARS,PONTIAC,SUNFIRE,2.2,4,Manual(M5),F,24,34,28,26.6,43.6,32.2604,R,,,,85,11,90,13,,,616,,SIL
SUBCOMPACT CARS,PONTIAC,SUNFIRE,2.4,4,Auto(L4),F,22,30,25,24.5,39.1,29.4482,R,,,,85,11,90,13,,,690,,CLKUP
SUBCOMPACT CARS,PONTIAC,SUNFIRE,2.4,4,Manual(M5),F,23,33,26,25.1,42.5,30.7687,R,,,,85,11,90,13,,,664,,SIL
SUBCOMPACT CARS,SAAB,SAAB 9-3 CONVERTIBLE,2.0,4,Auto(L4),F,19,25,21,20.8995,31.7436,24.6959,R,,T,,80,13,,,,,821,B204L3,2MODE
SUBCOMPACT CARS,SAAB,SAAB 9-3 CONVERTIBLE,2.0,4,Manual(M5),F,20,27,23,22.5982,34.4896,26.7482,R,,T,,80,13,,,,,750,B2O4L3,SIL
SUBCOMPACT CARS,SAAB,SAAB 9-3 CONVERTIBLE,2.0,4,Manual(M5),F,19,27,22,21.6,34.5,25.9697,P,,T,,80,13,,,,,887,B2O4R3,SIL
SUBCOMPACT CARS,SATURN,SC,1.9,4,Auto(L4),F,27,37,30,29.5407,46.824,35.4248,R,,,,84,11,,,,,574,SOHC,CLKUP
SUBCOMPACT CARS,SATURN,SC,1.9,4,Auto(L4),F,25,35,29,27.9828,44.8799,33.6908,R,,,,84,11,,,,,595,DOHC,CLKUP
SUBCOMPACT CARS,SATURN,SC,1.9,4,Manual(M5),F,27,38,31,29.8,48.2,35.981,R,,,,84,11,,,,,557,DOHC,SIL
SUBCOMPACT CARS,SATURN,SC,1.9,4,Manual(M5),F,29,40,33,32.2,51.1,38.6294,R,,,,84,11,,,,,523,SOHC,SIL
SUBCOMPACT CARS,SUBARU,IMPREZA AWD,2.2,4,Auto(L4),4,23,29,25,25.1002,37.3344,29.4417,R,,,,,,84,11,,,690,,CLKUP
SUBCOMPACT CARS,SUBARU,IMPREZA AWD,2.2,4,Manual(M5),4,22,29,25,24.8393,37.5238,29.2956,R,,,,,,84,11,,,690,,
SUBCOMPACT CARS,SUBARU,IMPREZA AWD,2.5,4,Auto(L4),4,22,28,25,24.7567,35.8985,28.7757,R,,,,,,84,11,,,690,SOHC,CLKUP
SUBCOMPACT CARS,SUBARU,IMPREZA AWD,2.5,4,Manual(M5),4,22,29,24,24.2792,36.6349,28.6234,R,,,,,,84,11,,,719,SOHC,
SUBCOMPACT CARS,SUZUKI,ESTEEM,1.6,4,Auto(L4),F,27,34,30,30.2,43.4,34.9888,R,,,,,,86,12,,,574,,CLKUP
SUBCOMPACT CARS,SUZUKI,ESTEEM,1.6,4,Manual(M5),F,30,37,33,33.6,47.1,38.5755,R,,,,,,86,12,,,523,,
SUBCOMPACT CARS,SUZUKI,ESTEEM,2.0,4,Manual(M5),F,28,35,31,31.4,44.4,36.165,R,,,,,,86,12,,,557,,
SUBCOMPACT CARS,SUZUKI,SWIFT,1.3,4,Auto(A3),F,30,34,32,33.4381,44.0944,37.5183,R,,,,,,,,77,8,538,,
SUBCOMPACT CARS,SUZUKI,SWIFT,1.3,4,Manual(M5),F,39,43,41,43.2429,54.9375,47.8241,R,,,,,,,,77,8,421,,SIL
SUBCOMPACT CARS,TOYOTA,CELICA,2.2,4,Auto(L4),F,22,28,25,24.8471,35.7803,28.8084,R,,,,78,10,,,77,16,690,,CLKUP
SUBCOMPACT CARS,TOYOTA,CELICA,2.2,4,Manual(M5),F,22,28,24,24.3276,35.9048,28.4566,R,,,,78,10,,,77,16,719,,
SUBCOMPACT CARS,TOYOTA,TERCEL,1.5,4,Auto(L3),F,29,33,31,32.7,42.2,36.386,R,,,,81,9,80,9,,,557,,CLKUP
SUBCOMPACT CARS,TOYOTA,TERCEL,1.5,4,Auto(L4),F,30,37,33,32.9,47.7,38.239,R,,,,81,9,80,9,,,523,,CLKUP
SUBCOMPACT CARS,TOYOTA,TERCEL,1.5,4,Manual(M5),F,32,40,35,35.8932,51.5664,41.5803,R,,,,81,9,80,9,,,493,,
SUBCOMPACT CARS,VOLKSWAGEN,CABRIO,2.0,4,Auto(L4),F,22,28,24,23.9411,36.1524,28.2324,R,,,,82,8,,,,,719,,CLKUP
SUBCOMPACT CARS,VOLKSWAGEN,CABRIO,2.0,4,Manual(M5),F,24,31,27,26.3178,39.8986,31.0781,R,,,,82,8,,,,,638,,
SUBCOMPACT CARS,VOLKSWAGEN,NEW BEETLE,1.9,4,Auto(L4),F,34,45,38,37.8885,57.2229,44.6822,D,,T,,,,,,87,12,434,,CLKUP
SUBCOMPACT CARS,VOLKSWAGEN,NEW BEETLE,1.9,4,Manual(M5),F,42,49,45,46.4177,62.875,52.615,D,,T,,,,,,87,12,366,,
SUBCOMPACT CARS,VOLKSWAGEN,NEW BEETLE,2.0,4,Auto(L4),F,22,28,24,24.6475,35.6478,28.6221,R,,,,,,,,87,12,719,,CLKUP
SUBCOMPACT CARS,VOLKSWAGEN,NEW BEETLE,2.0,4,Manual(M5),F,24,31,27,26.7404,39.2508,31.218,R,,,,,,,,87,12,638,,
SUBCOMPACT CARS,VOLVO,C70 CONVERTIBLE,2.3,5,Auto(L4),F,19,26,22,21.5681,33.8032,25.7646,P,,T,,88,8,,,,,887,,CLKUP
SUBCOMPACT CARS,VOLVO,C70 CONVERTIBLE,2.3,5,Manual(M5),F,20,27,22,21.9669,34.3669,26.2249,P,,T,,88,8,,,,,887,,
SUBCOMPACT CARS,VOLVO,C70 CONVERTIBLE,2.4,5,Auto(L4),F,19,27,22,21.1135,34.204,25.5063,P,,T,,88,8,,,,,887,,CLKUP
COMPACT CARS,AUDI,A4,1.8,4,Auto(L5),F,21,31,24,22.9787,39.5937,28.3281,P,,T,,,,88,14,,,813,,CLKUP
COMPACT CARS,AUDI,A4,1.8,4,Manual(M5),F,23,32,26,25.9,40.7,30.9674,P,,T,,,,88,14,,,751,,
COMPACT CARS,AUDI,A4,2.8,6,Auto(L5),F,18,29,22,19.982,37.2494,25.249,P,,,,,,88,14,,,887,,CLKUP
COMPACT CARS,AUDI,A4,2.8,6,Manual(M5),F,20,29,23,22,37,26.9091,P,,,,,,88,14,,,848,,
COMPACT CARS,AUDI,A4 QUATTRO,1.8,4,Auto(L5),4,18,27,21,20.4074,34.8041,25.0749,P,,T,,,,88,14,,,928,,CLKUP
COMPACT CARS,AUDI,A4 QUATTRO,1.8,4,Manual(M5),4,21,29,24,23.5426,36.9427,28.1349,P,,T,,,,88,14,,,813,,
COMPACT CARS,AUDI,A4 QUATTRO,2.8,6,Auto(L5),4,17,27,21,19.4283,34.9482,24.2804,P,,,,,,88,14,,,928,,CLKUP
COMPACT CARS,AUDI,A4 QUATTRO,2.8,6,Manual(M5),4,19,27,22,21.3477,34.248,25.7047,P,,,,,,88,14,,,887,,
COMPACT CARS,BENTLEY,BENTLEY CONTINENTAL R,6.8,8,Auto(L4),R,11,16,13,12.3988,20.2547,15.0204,P,G,T,,89,12,,,,,1500,L410MT2,EMS 2MODE CLKUP
COMPACT CARS,BMW,318TI,1.9,4,Auto(L4),R,23,31,26,25.3,40,30.313,R,,,,,,,,87,15,664,,
COMPACT CARS,BMW,318TI,1.9,4,Manual(M5),R,23,32,27,25.7,41.5,31.0134,R,,,,,,,,87,15,638,,
COMPACT CARS,BMW,323I,2.5,6,Auto(L5),R,19,28,22,21.3,35.6,25.9997,R,,,,,,91,11,,,785,,
COMPACT CARS,BMW,323I,2.5,6,Manual(M5),R,20,29,23,22.7,36.8,27.4293,R,,,,,,91,11,,,750,,
COMPACT CARS,BMW,328I,2.8,6,Auto(L5),R,19,27,22,21.1709,35.2,25.7977,R,,,,,,91,11,,,785,,
COMPACT CARS,BMW,328I,2.8,6,Manual(M5),R,20,29,24,22.7407,36.9877,27.5088,R,,,,,,91,11,,,719,,
COMPACT CARS,BMW,528I,2.8,6,Auto(L4),R,18,26,21,20.168,33.0806,24.4654,R,,,,,,93,11,,,821,,
COMPACT CARS,BMW,528I,2.8,6,Manual(M5),R,20,29,24,22.7407,36.9877,27.5088,R,,,,,,93,11,,,719,,
COMPACT CARS,BMW,540I,4.4,8,Auto(L5),R,18,24,20,19.9885,30.8908,23.7624,R,,,,,,93,11,,,862,,
COMPACT CARS,BMW,540I,4.4,8,Auto(L5),R,15,21,18,17.2,26.8967,20.5308,R,G,,,,,93,11,,,959,,3MODE
COMPACT CARS,BMW,540I,4.4,8,Manual(M6),R,15,23,18,17.1994,29.1499,21.0902,R,G,,,,,93,11,,,959,,
COMPACT CARS,CHEVROLET,PRIZM,1.8,4,Auto(L3),F,28,33,30,30.9776,41.8686,35.0844,R,,,,,,88,12,,,574,,CLKUP
COMPACT CARS,CHEVROLET,PRIZM,1.8,4,Auto(L4),F,28,36,31,31.638,45.7891,36.7487,R,,,,,,88,12,,,557,,CLKUP
COMPACT CARS,CHEVROLET,PRIZM,1.8,4,Manual(M5),F,31,37,33,34.2398,47.8579,39.268,R,,,,,,88,12,,,523,,
COMPACT CARS,CHRYSLER,CHRYSLER SEBRING,2.0,4,Auto(L4),F,21,30,24,23.2961,37.942,28.1934,R,,,,91,12,,,,,719,DOHC,CLKUP
COMPACT CARS,CHRYSLER,CHRYSLER SEBRING,2.0,4,Manual(M5),F,22,31,25,24.0996,40.191,29.3958,R,,,,91,12,,,,,690,DOHC,
COMPACT CARS,CHRYSLER,CHRYSLER SEBRING,2.5,6,Auto(L4),F,19,27,22,21.5198,35.2072,26.0829,R,,,,91,12,,,,,785,SOHC,CLKUP
COMPACT CARS,CHRYSLER,SEBRING CONVERTIBLE,2.4,4,Auto(L4),F,21,30,24,23.1593,38.9851,28.3355,R,,,,89,11,,,,,719,,CLKUP
COMPACT CARS,CHRYSLER,SEBRING CONVERTIBLE,2.5,6,Auto(L4),F,19,27,22,20.925,34.6806,25.4712,R,,,,89,11,,,,,785,,CLKUP
COMPACT CARS,CHRYSLER,SEBRING CONVERTIBLE,2.5,6,Auto(L4),F,19,27,22,20.864,34.8486,25.462,R,,,,89,11,,,,,785,,VMODE CLKUP
COMPACT CARS,DAEWOO,LANOS,1.5,4,Auto(A4),F,24,37,28,26.5,46.8,32.9271,R,,,,91,11,91,11,91,12,616,SOHC-IL4,EMS
COMPACT CARS,DAEWOO,LANOS,1.5,4,Manual(M5),F,26,36,30,29.1,45.8,34.8121,R,,,,91,11,91,11,91,12,574,SOHC-IL4,
COMPACT CARS,DAEWOO,LANOS,1.6,4,Auto(A4),F,23,34,27,25.5,43,31.2171,R,,,,91,11,91,11,91,12,638,DOHC-IL4,EMS
COMPACT CARS,DAEWOO,LANOS,1.6,4,Manual(M5),F,26,36,30,28.7,46.3,34.6225,R,,,,91,11,91,11,91,12,574,DOHC-IL4,
COMPACT CARS,DAEWOO,NUBIRA,2.0,4,Auto(A4),F,22,30,25,24.4,39.7,29.5194,R,,,,,,91,12,91,11,690,DOHC-IL4,EMS
COMPACT CARS,DAEWOO,NUBIRA,2.0,4,Manual(M5),F,22,31,26,24.8,40.9,30.1388,R,,,,,,91,12,91,11,664,DOHC-IL4,
COMPACT CARS,DODGE,DODGE AVENGER,2.0,4,Auto(L4),F,21,30,24,23.2961,37.942,28.1934,R,,,,91,12,,,,,719,DOHC,CLKUP
COMPACT CARS,DODGE,DODGE AVENGER,2.0,4,Manual(M5),F,22,32,25,24.1722,40.63,29.5605,R,,,,91,12,,,,,690,DOHC,
COMPACT CARS,DODGE,DODGE AVENGER,2.5,6,Auto(L4),F,19,27,22,21.5198,35.2072,26.0829,R,,,,91,12,,,,,785,SOHC,CLKUP
COMPACT CARS,DODGE,NEON (DODGE),2.0,4,Auto(L3),F,23,32,27,26.1,40.5,31.0714,R,,,,91,11,89,11,,,638,,
COMPACT CARS,DODGE,NEON (DODGE),2.0,4,Manual(M5),F,28,39,32,31.2,50.4,37.6552,R,,,,91,11,89,11,,,538,,
COMPACT CARS,FORD,CONTOUR,2.0,4,Auto(L4),F,23,31,26,25.1162,39.3359,29.9957,R,,,,,,89,14,,,664,,CLKUP
COMPACT CARS,FORD,CONTOUR,2.0,4,Manual(M5),F,24,34,28,27.1622,43.2109,32.6129,R,,,,,,89,14,,,616,,
COMPACT CARS,FORD,CONTOUR,2.5,6,Auto(L4),F,20,29,23,22.3337,37.0215,27.1875,R,,,,,,89,14,,,750,,CLKUP
COMPACT CARS,FORD,CONTOUR,2.5,6,Manual(M5),F,20,28,23,21.7867,36.4067,26.5922,R,,,,,,89,14,,,750,,
COMPACT CARS,FORD,ESCORT,2.0,4,Auto(L4),F,25,34,29,28.1401,43.3684,33.421,R,,,,,,87,13,,,595,,CLKUP
COMPACT CARS,FORD,ESCORT,2.0,4,Manual(M5),F,28,37,32,31.2086,47.4546,36.8921,R,,,,,,87,13,,,538,,
COMPACT CARS,HYUNDAI,ELANTRA SEDAN,2.0,4,Auto(L4),F,22,31,25,24.224,39.1358,29.2371,R,,,,,,93,12,,,690,,2MODE CLKUP
COMPACT CARS,HYUNDAI,ELANTRA SEDAN,2.0,4,Manual(M5),F,24,33,27,26.6472,42.5185,32.0269,R,,,,,,93,12,,,638,,
COMPACT CARS,INFINITI,G20,2.0,4,Auto(L4),F,22,28,24,24.0166,36.5166,28.3897,R,,,,,,91,14,,,719,,SIL CLKUP
COMPACT CARS,INFINITI,G20,2.0,4,Manual(M5),F,23,31,26,25.3,39.4,30.1564,R,,,,,,91,14,,,664,,
COMPACT CARS,JAGUAR,JAGUAR XJ8,4.0,8,Auto(L5),R,17,24,20,18.6,30.6493,22.5978,P,,,,,,94,12,,,1026,,2MODE
COMPACT CARS,JAGUAR,JAGUAR XJR,4.0,8,Auto(L5),R,16,22,18,18.0433,27.6802,21.3953,P,G,,S,,,94,12,,,1084,,2MODE
COMPACT CARS,KIA,KIA SEPHIA,1.8,4,Auto(L4),F,23,31,26,25.4,40.1,30.4178,R,,,,,,94,10,,,664,,2MODE CLKUP
COMPACT CARS,KIA,KIA SEPHIA,1.8,4,Manual(M5),F,24,31,27,27.2,39.3,31.5747,R,,,,,,94,10,,,638,,
COMPACT CARS,LEXUS,ES 300,3.0,6,Auto(L4),F,19,26,21,20.9,32.9,25.004,R,,,,,,92,13,,,821,,CLKUP
COMPACT CARS,LINCOLN-MERCURY,COUGAR,2.0,4,Auto(L4),F,23,31,26,25.1162,39.3359,29.9957,R,,,,87,14,,,,,664,,CLKUP
COMPACT CARS,LINCOLN-MERCURY,COUGAR,2.0,4,Manual(M5),F,24,34,28,27.1622,43.2109,32.6129,R,,,,87,14,,,,,616,,
COMPACT CARS,LINCOLN-MERCURY,COUGAR,2.5,6,Auto(L4),F,20,29,23,22.3337,37.0215,27.1875,R,,,,87,14,,,,,750,,CLKUP
COMPACT CARS,LINCOLN-MERCURY,COUGAR,2.5,6,Manual(M5),F,19,28,22,21.3879,35.6299,26.0788,R,,,,87,14,,,,,785,,
COMPACT CARS,LINCOLN-MERCURY,MYSTIQUE,2.0,4,Auto(L4),F,23,31,26,25.1162,39.3359,29.9957,R,,,,,,89,14,,,664,,CLKUP
COMPACT CARS,LINCOLN-MERCURY,MYSTIQUE,2.0,4,Manual(M5),F,24,34,28,27.1622,43.2109,32.6129,R,,,,,,89,14,,,616,,
COMPACT CARS,LINCOLN-MERCURY,MYSTIQUE,2.5,6,Auto(L4),F,20,29,23,22.3337,37.0215,27.1875,R,,,,,,89,14,,,750,,CLKUP
COMPACT CARS,LINCOLN-MERCURY,MYSTIQUE,2.5,6,Manual(M5),F,19,28,22,21.3879,35.6299,26.0788,R,,,,,,89,14,,,785,,
COMPACT CARS,LINCOLN-MERCURY,TRACER,2.0,4,Auto(L4),F,25,34,29,28.1401,43.3684,33.421,R,,,,,,87,13,,,595,,CLKUP
COMPACT CARS,LINCOLN-MERCURY,TRACER,2.0,4,Manual(M5),F,28,37,32,31.2086,47.4546,36.8921,R,,,,,,87,13,,,538,,
COMPACT CARS,MAZDA,MILLENIA,2.3,6,Auto(L4),F,20,28,22,21.7,35.3,26.2512,P,,,S,,,92,13,,,887,,CLKUP
COMPACT CARS,MAZDA,MILLENIA,2.5,6,Auto(L4),F,20,27,22,21.7,34,25.9196,P,,,,,,92,13,,,887,,CLKUP
COMPACT CARS,MAZDA,PROTEGE,1.6,4,Auto(L4),F,26,33,29,29.1146,41.9292,33.7573,R,,,,,,106,13,,,595,,CLKUP
COMPACT CARS,MAZDA,PROTEGE,1.6,4,Manual(M5),F,29,34,31,31.7598,43.777,36.236,R,,,,,,106,13,,,557,,
COMPACT CARS,MAZDA,PROTEGE,1.8,4,Auto(L4),F,24,29,26,26.2844,37.2,30.2831,R,,,,,,106,13,,,664,,CLKUP
COMPACT CARS,MAZDA,PROTEGE,1.8,4,Manual(M5),F,26,30,28,28.5,38.8,32.3665,R,,,,,,106,13,,,616,,
COMPACT CARS,MERCEDES-BENZ,C230 KOMPRESSOR,2.3,4,Auto(L5),R,21,29,24,23.8491,36.5956,28.282,P,,,S,,,88,13,,,813,,EMS 2MODE CLKUP
COMPACT CARS,MERCEDES-BENZ,C280,2.8,6,Auto(L5),R,21,27,23,23.273,34.6991,27.3215,P,,,,,,88,13,,,848,,EMS 2MODE CLKUP
COMPACT CARS,MERCEDES-BENZ,C43 AMG,4.3,8,Auto(L5),R,18,23,20,19.8983,28.8599,23.1304,P,,,,,,88,13,,,975,,EMS 2MODE CLKUP
COMPACT CARS,MERCEDES-BENZ,CL500,5.0,8,Auto(L5),R,15,22,18,16.8,28.2,20.5358,P,G,,,93,14,,,,,1084,,EMS 2MODE CLKUP
COMPACT CARS,MERCEDES-BENZ,CL600,6.0,12,Auto(L5),R,13,19,15,14.1,24.7,17.4747,P,G,,,93,14,,,,,1301,,EMS 2MODE CLKUP
COMPACT CARS,NISSAN,ALTIMA,2.4,4,Auto(L4),F,22,30,25,24.6695,38.7302,29.4868,R,,,,,,94,14,,,690,,CLKUP
COMPACT CARS,NISSAN,ALTIMA,2.4,4,Manual(M5),F,24,31,27,26.9,39.4,31.38,R,,,,,,94,14,,,638,,
COMPACT CARS,OLDSMOBILE,ALERO,2.4,4,Auto(L4),F,22,30,25,24.5,39.1,29.4482,R,,,,93,14,91,14,,,690,,CLKUP
COMPACT CARS,OLDSMOBILE,ALERO,3.4,6,Auto(L4),F,20,28,23,22.1,35.6,26.6472,R,,,,93,14,91,14,,,750,,CLKUP
COMPACT CARS,PLYMOUTH,NEON (PLYMOUTH),2.0,4,Auto(L3),F,23,32,27,26.1,40.5,31.0714,R,,,,91,11,89,11,,,638,,
COMPACT CARS,PLYMOUTH,NEON (PLYMOUTH),2.0,4,Manual(M5),F,28,39,32,31.2,50.4,37.6552,R,,,,91,11,89,11,,,538,,
COMPACT CARS,PONTIAC,GRAND AM,2.4,4,Auto(L4),F,22,30,25,24.5,39.1,29.4482,R,,,,92,14,90,13,,,690,,CLKUP
COMPACT CARS,PONTIAC,GRAND AM,3.4,6,Auto(L4),F,20,28,23,22.1,35.6,26.6472,R,,,,92,14,90,13,,,750,,CLKUP
COMPACT CARS,SATURN,SL,1.9,4,Auto(L4),F,27,37,30,29.5407,46.824,35.4248,R,,,,,,91,12,,,574,SOHC,CLKUP
COMPACT CARS,SATURN,SL,1.9,4,Auto(L4),F,25,35,29,27.9828,44.8799,33.6908,R,,,,,,91,12,,,595,DOHC,CLKUP
COMPACT CARS,SATURN,SL,1.9,4,Manual(M5),F,27,38,31,29.8,48.2,35.981,R,,,,,,91,12,,,557,DOHC,SIL
COMPACT CARS,SATURN,SL,1.9,4,Manual(M5),F,29,40,33,32.2,51.1,38.6294,R,,,,,,91,12,,,523,SOHC,SIL
COMPACT CARS,SUBARU,LEGACY AWD,2.2,4,Auto(L4),4,22,29,25,24.9539,36.9091,29.2118,R,,,,,,92,13,,,690,,CLKUP
COMPACT CARS,SUBARU,LEGACY AWD,2.2,4,Manual(M5),4,22,29,25,24.8393,37.5238,29.2956,R,,,,,,92,13,,,690,,
COMPACT CARS,SUBARU,LEGACY AWD,2.5,4,Auto(L4),4,21,26,23,22.9881,33.6176,26.8016,R,,,,,,92,13,,,750,DOHC,CLKUP
COMPACT CARS,SUBARU,LEGACY AWD,2.5,4,Manual(M5),4,21,27,23,22.7988,34.1213,26.8008,R,,,,,,92,13,,,750,DOHC,
COMPACT CARS,TOYOTA,CAMRY SOLARA,2.2,4,Auto(L4),F,23,30,26,25.6104,38.6197,30.1862,R,,,,92,14,,,,,664,,
COMPACT CARS,TOYOTA,CAMRY SOLARA,2.2,4,Manual(M5),F,23,32,27,26,40.5465,31.0056,R,,,,92,14,,,,,638,,
COMPACT CARS,TOYOTA,CAMRY SOLARA,3.0,6,Auto(L4),F,20,28,23,21.9449,35.4,26.4728,R,,,,92,14,,,,,750,,
COMPACT CARS,TOYOTA,CAMRY SOLARA,3.0,6,Manual(M5),F,21,28,24,23.1312,36.5,27.6961,R,,,,92,14,,,,,719,,
COMPACT CARS,TOYOTA,COROLLA,1.8,4,Auto(L3),F,28,33,30,30.9,42,35.0709,R,,,,,,88,12,,,574,,CLKUP
COMPACT CARS,TOYOTA,COROLLA,1.8,4,Auto(L4),F,28,36,31,31.6305,46.1021,36.8335,R,,,,,,88,12,,,557,,CLKUP
COMPACT CARS,TOYOTA,COROLLA,1.8,4,Manual(M5),F,31,38,34,34.3709,48.4227,39.5334,R,,,,,,88,12,,,507,,
COMPACT CARS,VOLKSWAGEN,GOLF,2.0,4,Auto(L4),F,22,28,24,23.9411,36.1524,28.2324,R,,,,,,,,88,17,719,,CLKUP
COMPACT CARS,VOLKSWAGEN,GOLF,2.0,4,Manual(M5),F,24,31,27,26.3178,39.8986,31.0781,R,,,,,,,,88,17,638,,
COMPACT CARS,VOLKSWAGEN,GTI,2.0,4,Auto(L4),F,22,28,24,23.9411,36.1524,28.2324,R,,,,,,,,87,17,719,,CLKUP
COMPACT CARS,VOLKSWAGEN,GTI,2.0,4,Manual(M5),F,24,32,27,27.215,40.4108,31.9029,R,,,,,,,,87,17,638,,
COMPACT CARS,VOLKSWAGEN,GTI,2.8,6,Manual(M5),F,19,26,22,21.1456,33.0956,25.248,R,,,,,,,,87,17,785,,
COMPACT CARS,VOLKSWAGEN,JETTA,1.9,4,Manual(M5),F,40,49,43,44.1,62.8,50.9236,D,,T,,,,88,15,,,384,,
COMPACT CARS,VOLKSWAGEN,JETTA,2.0,4,Auto(L4),F,22,28,24,23.9411,36.1524,28.2324,R,,,,,,88,15,,,719,,CLKUP
COMPACT CARS,VOLKSWAGEN,JETTA,2.0,4,Manual(M5),F,24,31,27,26.3178,39.8986,31.0781,R,,,,,,88,15,,,638,,
COMPACT CARS,VOLKSWAGEN,JETTA,2.8,6,Auto(L4),F,18,25,21,20.3,31.9,24.2717,R,,,,,,88,15,,,821,,CLKUP
COMPACT CARS,VOLKSWAGEN,JETTA,2.8,6,Manual(M5),F,19,26,22,21.1456,33.0956,25.248,R,,,,,,88,15,,,785,,
COMPACT CARS,VOLKSWAGEN,NEW GOLF,1.9,4,Auto(L4),F,34,45,38,37.8885,57.2229,44.6822,D,,T,,,,,,87,18,434,,CLKUP
COMPACT CARS,VOLKSWAGEN,NEW GOLF,1.9,4,Manual(M5),F,42,49,45,46.4177,62.875,52.615,D,,T,,,,,,87,18,366,,
COMPACT CARS,VOLKSWAGEN,NEW GOLF,2.0,4,Auto(L4),F,22,28,24,24.6475,35.6478,28.6221,R,,,,,,,,87,18,719,,CLKUP
COMPACT CARS,VOLKSWAGEN,NEW GOLF,2.0,4,Manual(M5),F,24,31,27,26.7404,39.2508,31.218,R,,,,,,,,87,18,638,,
COMPACT CARS,VOLKSWAGEN,NEW GTI,2.0,4,Auto(L4),F,22,28,24,24.6475,35.6478,28.6221,R,,,,,,,,85,18,719,,CLKUP
COMPACT CARS,VOLKSWAGEN,NEW GTI,2.0,4,Manual(M5),F,24,31,27,26.7404,39.2508,31.218,R,,,,,,,,85,18,638,,
COMPACT CARS,VOLKSWAGEN,NEW GTI,2.8,6,Manual(M5),F,20,28,23,22.3,36.5,27.0325,R,,,,,,,,85,18,750,,
COMPACT CARS,VOLKSWAGEN,NEW JETTA,1.9,4,Auto(L4),F,34,45,38,37.8885,57.2229,44.6822,D,,T,,,,88,13,,,434,,CLKUP
COMPACT CARS,VOLKSWAGEN,NEW JETTA,1.9,4,Manual(M5),F,42,49,45,46.4177,62.875,52.615,D,,T,,,,88,13,,,366,,
COMPACT CARS,VOLKSWAGEN,NEW JETTA,2.0,4,Auto(L4),F,22,28,24,24.6475,35.6478,28.6221,R,,,,,,88,13,,,719,,CLKUP
COMPACT CARS,VOLKSWAGEN,NEW JETTA,2.0,4,Manual(M5),F,24,31,27,26.7404,39.2508,31.218,R,,,,,,88,13,,,638,,
COMPACT CARS,VOLKSWAGEN,NEW JETTA,2.8,6,Auto(L4),F,19,26,21,20.7,32.8,24.8203,R,,,,,,88,13,,,821,,CLKUP
COMPACT CARS,VOLKSWAGEN,NEW JETTA,2.8,6,Manual(M5),F,19,28,23,21.6,36,26.3415,R,,,,,,88,13,,,750,,
COMPACT CARS,VOLVO,C70,2.3,5,Auto(L4),F,20,27,23,21.9742,35.1875,26.4424,P,,T,,91,13,,,,,848,,CLKUP
COMPACT CARS,VOLVO,C70,2.3,5,Manual(M5),F,20,28,23,22.1467,35.3936,26.6322,P,,T,,91,13,,,,,848,,
COMPACT CARS,VOLVO,C70,2.4,5,Auto(L4),F,20,27,22,22.0261,34.2598,26.2431,P,,T,,91,13,,,,,887,,CLKUP
MIDSIZE CARS,ACURA,3.2TL,3.2,6,Auto(L4),F,19,27,22,20.8549,34.4618,25.361,P,,,,,,96,14,,,887,,2MODE CLKUP
MIDSIZE CARS,ACURA,3.5RL,3.5,6,Auto(L4),F,18,24,20,19.8,30.6,23.5385,P,,,,,,96,15,,,975,,CLKUP
MIDSIZE CARS,AUDI,A6,2.8,6,Auto(L5),F,17,27,21,19.3582,35.1482,24.2632,P,,,,,,98,15,,,928,,CLKUP
MIDSIZE CARS,AUDI,A6 QUATTRO,2.8,6,Auto(L5),4,17,26,20,18.7677,32.9815,23.283,P,,,,,,98,15,,,975,,CLKUP
MIDSIZE CARS,AUDI,A8,3.7,8,Auto(L5),F,17,26,20,18.8467,33.1493,23.3876,P,,,,,,100,18,,,975,,CLKUP
MIDSIZE CARS,AUDI,A8 QUATTRO,4.2,8,Auto(L5),4,17,25,20,18.6466,31.8922,22.9326,P,,,,,,100,18,,,975,,CLKUP
MIDSIZE CARS,BENTLEY,BENTLEY ARNAGE,4.4,8,Auto(L5),R,12,16,14,13.7745,20.1,16.047,P,G,T,,,,101,12,,,1392,44RA8,EMS 2MODE CLKUP
MIDSIZE CARS,BENTLEY,BENTLEY TURBO RT,6.8,8,Auto(L4),R,11,16,13,12.3988,20.2547,15.0204,P,G,T,,,,98,12,,,1500,L410MT2,EMS 2MODE CLKUP
MIDSIZE CARS,BMW,740I,4.4,8,Auto(L5),R,17,23,19,18.9,30,22.6755,R,,,,,,100,13,,,907,,
MIDSIZE CARS,BMW,740I,4.4,8,Auto(L5),R,15,21,17,16.8,26.8,20.1901,R,G,,,,,100,13,,,1014,,3MODE
MIDSIZE CARS,BUICK,CENTURY,3.1,6,Auto(L4),F,20,29,23,21.949,36.9989,26.8668,R,,,,,,102,17,,,750,,CLKUP
MIDSIZE CARS,BUICK,REGAL,3.8,6,Auto(L4),F,19,30,23,21.6,37.9,26.7836,R,,,,,,102,17,,,750,,CLKUP
MIDSIZE CARS,BUICK,REGAL,3.8,6,Auto(L4),F,18,27,21,19.4678,34.977,24.3206,P,,,S,,,102,17,,,928,,CLKUP
MIDSIZE CARS,BUICK,RIVIERA,3.8,6,Auto(L4),F,18,27,21,20,35,24.7788,P,,,S,,,,,100,18,928,,CLKUP
MIDSIZE CARS,CADILLAC,CATERA,3.0,6,Auto(L4),R,18,24,20,19.9,31.3499,23.8139,P,,,,,,99,14,,,975,,CLKUP
MIDSIZE CARS,CADILLAC,ELDORADO,4.6,8,Auto(L4),F,17,26,20,18.8,33.3,23.3815,P,,,,100,15,,,,,975,,CLKUP
MIDSIZE CARS,CADILLAC,SEVILLE,4.6,8,Auto(L4),F,17,26,20,18.8,33.3,23.3815,P,,,,,,104,15,,,975,,CLKUP
MIDSIZE CARS,CHEVROLET,LUMINA/MONTECARLO,3.1,6,Auto(L4),F,20,29,23,21.949,36.9989,26.8668,R,,,,96,16,101,16,,,750,,CLKUP
MIDSIZE CARS,CHEVROLET,LUMINA/MONTECARLO,3.8,6,Auto(L4),F,19,30,23,21.6,37.9,26.7836,R,,,,96,16,101,16,,,750,,CLKUP
MIDSIZE CARS,CHEVROLET,MALIBU,2.4,4,Auto(L4),F,22,30,25,24.5,39.1,29.4482,R,,,,,,99,16,,,690,,CLKUP
MIDSIZE CARS,CHEVROLET,MALIBU,3.1,6,Auto(L4),F,20,29,23,21.949,36.9989,26.8668,R,,,,,,99,16,,,750,,CLKUP
MIDSIZE CARS,CHRYSLER,CIRRUS,2.5,6,Auto(L4),F,19,27,22,20.925,34.6806,25.4712,R,,,,,,95,15,,,785,,CLKUP
MIDSIZE CARS,CHRYSLER,CIRRUS,2.5,6,Auto(L4),F,19,27,22,20.864,34.8486,25.462,R,,,,,,95,15,,,785,,VMODE CLKUP
MIDSIZE CARS,DAEWOO,LEGANZA,2.2,4,Auto(A4),F,20,28,23,22.1,35.7,26.6724,R,,,,,,100,14,,,750,DOHC-IL4,EMS
MIDSIZE CARS,DAEWOO,LEGANZA,2.2,4,Manual(M5),F,20,29,24,22.7,37.5,27.6021,R,,,,,,100,14,,,719,DOHC-IL4,
MIDSIZE CARS,DODGE,STRATUS,2.0,4,Manual(M5),F,26,37,30,29.4,47.2,35.409,R,,,,,,95,15,,,574,,
MIDSIZE CARS,DODGE,STRATUS,2.4,4,Auto(L4),F,21,30,24,23.1593,38.9851,28.3355,R,,,,,,95,15,,,719,,CLKUP
MIDSIZE CARS,DODGE,STRATUS,2.5,6,Auto(L4),F,19,27,22,20.925,34.6806,25.4712,R,,,,,,95,15,,,785,,CLKUP
MIDSIZE CARS,DODGE,STRATUS,2.5,6,Auto(L4),F,19,27,22,20.864,34.8486,25.462,R,,,,,,95,15,,,785,,VMODE CLKUP
MIDSIZE CARS,FORD,TAURUS,3.0,6,Auto(L4),F,20,28,23,21.7,36,26.4231,R,,,,,,101,16,,,750,2V,CLKUP
MIDSIZE CARS,FORD,TAURUS,3.0,6,Auto(L4),F,18,26,21,19.8,33.3,24.2182,R,,,,,,101,16,,,821,4V,CLKUP
MIDSIZE CARS,FORD,TAURUS,3.0,6,Auto(L4),F,19,27,22,21.4,34.3,25.7596,R,,,,,,101,16,,,785,FFV,CLKUP
MIDSIZE CARS,FORD,TAURUS,3.4,8,Auto(L4),F,16,25,19,18.1874,32.6137,22.7074,P,,,,,,101,16,,,1026,4V,CLKUP
MIDSIZE CARS,HONDA,ACCORD,2.3,4,Auto(L4),F,22,29,25,24.5928,37.6031,29.1279,R,,,,93,14,102,14,,,690,,CLKUP
MIDSIZE CARS,HONDA,ACCORD,2.3,4,Auto(L4),F,23,30,26,25.4478,38.537,30.0391,R,,,,93,14,102,14,,,664,VTEC,CLKUP
MIDSIZE CARS,HONDA,ACCORD,2.3,4,Manual(M5),F,25,31,27,27.2238,39.5907,31.6764,R,,,,93,14,102,14,,,638,,
MIDSIZE CARS,HONDA,ACCORD,2.3,4,Manual(M5),F,25,31,27,27.8,39.9,32.1933,R,,,,93,14,102,14,,,638,VTEC,
MIDSIZE CARS,HONDA,ACCORD,3.0,6,Auto(L4),F,20,28,23,22.707,35.8079,27.1823,R,,,,93,14,102,14,,,750,VTEC,CLKUP
MIDSIZE CARS,HYUNDAI,SONATA,2.4,4,Auto(L4),F,21,28,24,23.0319,36.0585,27.5031,R,,,,,,100,13,,,719,,2MODE CLKUP
MIDSIZE CARS,HYUNDAI,SONATA,2.4,4,Manual(M5),F,21,30,25,23.7356,38.3059,28.6374,R,,,,,,100,13,,,690,,
MIDSIZE CARS,HYUNDAI,SONATA,2.5,6,Auto(L4),F,20,28,23,22.3,35.6,26.8067,R,,,,,,100,13,,,750,,2MODE CLKUP
MIDSIZE CARS,HYUNDAI,SONATA,2.5,6,Manual(M5),F,20,29,23,22.7,36.6,27.3791,R,,,,,,100,13,,,750,,
MIDSIZE CARS,INFINITI,I30,3.0,6,Auto(L4),F,21,28,23,22.8683,35.3108,27.1778,R,,,,,,100,14,,,750,,CLKUP
MIDSIZE CARS,INFINITI,I30,3.0,6,Manual(M5),F,21,26,23,23.8,33.8,27.4553,R,,,,,,100,14,,,750,,
MIDSIZE CARS,INFINITI,Q45,4.1,8,Auto(L4),R,17,24,20,19.3624,30.179,23.0858,P,,,,,,97,13,,,975,,CLKUP
MIDSIZE CARS,JAGUAR,JAGUAR VANDEN PLAS,4.0,8,Auto(L5),R,17,24,20,18.5234,30.4915,22.497,P,,,,,,100,12,,,1026,,2MODE
MIDSIZE CARS,JAGUAR,JAGUAR VANDEN PLAS S.C.,4.0,8,Auto(L5),R,16,22,18,17.7499,28.0492,21.2633,P,G,,S,,,100,12,,,1084,,2MODE
MIDSIZE CARS,JAGUAR,JAGUAR XJ8L,4.0,8,Auto(L5),R,17,24,20,18.6,30.6493,22.5978,P,,,,,,100,12,,,1026,,2MODE
MIDSIZE CARS,LEXUS,GS 300/GS 400,3.0,6,Auto(L5),R,20,25,22,22.0546,32.2296,25.7067,P,,,,,,100,15,,,887,,
MIDSIZE CARS,LEXUS,GS 300/GS 400,4.0,8,Auto(L5),R,17,24,20,19.3693,30.8507,23.2656,P,,,,,,100,15,,,975,,CLKUP
MIDSIZE CARS,LEXUS,LS 400,4.0,8,Auto(L5),R,18,25,21,20.398,31.8972,24.3479,P,,,,,,102,14,,,928,,CLKUP
MIDSIZE CARS,LINCOLN-MERCURY,SABLE,3.0,6,Auto(L4),F,20,28,23,21.7,36,26.4231,R,,,,,,103,16,,,750,2V,CLKUP
MIDSIZE CARS,LINCOLN-MERCURY,SABLE,3.0,6,Auto(L4),F,18,26,21,19.8,33.3,24.2182,R,,,,,,103,16,,,821,4V,CLKUP
MIDSIZE CARS,MAZDA,626,2.0,4,Auto(L4),F,22,29,24,24.2006,36.6876,28.5776,R,,,,,,97,14,,,719,,CLKUP
MIDSIZE CARS,MAZDA,626,2.0,4,Manual(M5),F,26,33,29,29.4018,42.5281,34.1441,R,,,,,,97,14,,,595,,
MIDSIZE CARS,MAZDA,626,2.5,6,Auto(L4),F,20,26,23,22.4,33.9,26.4355,P,,,,,,97,14,,,848,,CLKUP
MIDSIZE CARS,MAZDA,626,2.5,6,Manual(M5),F,21,27,24,23.8,34.6,27.6893,P,,,,,,97,14,,,813,,
MIDSIZE CARS,MERCEDES-BENZ,E300 TURBODIESEL,3.0,6,Auto(L5),R,26,36,30,29.2398,45.5856,34.8657,D,,T,,,,95,15,,,549,,EMS 2MODE CLKUP
MIDSIZE CARS,MERCEDES-BENZ,E320,3.2,6,Auto(L5),R,21,30,24,22.9297,37.8552,27.8755,P,,,,,,95,15,,,813,,EMS 2MODE CLKUP
MIDSIZE CARS,MERCEDES-BENZ,E320 4MATIC,3.2,6,Auto(L5),R,20,28,23,22.4674,35.2836,26.8574,P,,,,,,95,15,,,848,,EMS CLKUP
MIDSIZE CARS,MERCEDES-BENZ,E430,4.3,8,Auto(L5),R,19,26,21,20.5618,32.9664,24.7532,P,,,,,,95,15,,,928,,EMS 2MODE CLKUP
MIDSIZE CARS,MITSUBISHI,DIAMANTE SEDAN,3.5,6,Auto(L4),F,18,24,20,19.6918,31.4323,23.6704,P,,,,,,101,14,,,975,SOHC,EMS CMODE CLKUP
MIDSIZE CARS,MITSUBISHI,MITSUBISHI GALANT,2.4,4,Auto(L4),F,21,28,24,23.4547,35.572,27.701,R,,,,,,,,96,14,719,SOHC,
MIDSIZE CARS,MITSUBISHI,MITSUBISHI GALANT,2.4,4,Manual(M5),F,23,31,26,25.5427,39.6563,30.4136,R,,,,,,,,96,14,664,SOHC,
MIDSIZE CARS,MITSUBISHI,MITSUBISHI GALANT,3.0,6,Auto(L4),F,20,27,22,21.7282,35.207,26.2506,R,,,,,,,,96,14,785,SOHC,
MIDSIZE CARS,NISSAN,MAXIMA,3.0,6,Auto(L4),F,21,28,23,22.9782,35.7783,27.3874,R,,,,,,100,15,,,750,,CLKUP
MIDSIZE CARS,NISSAN,MAXIMA,3.0,6,Manual(M5),F,22,27,24,23.9,34.2,27.6469,R,,,,,,100,15,,,719,,
MIDSIZE CARS,OLDSMOBILE,AURORA,4.0,8,Auto(L4),F,17,26,20,19.2488,32.7493,23.6329,P,,,,,,102,16,,,975,,CLKUP
MIDSIZE CARS,OLDSMOBILE,CUTLASS,2.4,4,Auto(L4),F,22,30,25,24.5,39.1,29.4482,R,,,,,,98,16,,,690,,CLKUP
MIDSIZE CARS,OLDSMOBILE,CUTLASS,3.1,6,Auto(L4),F,20,29,23,21.949,36.9989,26.8668,R,,,,,,98,16,,,750,,CLKUP
MIDSIZE CARS,OLDSMOBILE,INTRIGUE,3.5,6,Auto(L4),F,19,27,22,20.6,34.5,25.162,R,,,,,,102,17,,,785,,CLKUP
MIDSIZE CARS,OLDSMOBILE,INTRIGUE,3.8,6,Auto(L4),F,19,30,23,21.6,37.9,26.7836,R,,,,,,102,17,,,750,,CLKUP
MIDSIZE CARS,PLYMOUTH,BREEZE,2.0,4,Auto(L4),F,22,31,25,24.4,39.3,29.4192,R,,,,,,95,15,,,690,,CLKUP
MIDSIZE CARS,PLYMOUTH,BREEZE,2.0,4,Manual(M5),F,26,37,30,29.4,47.2,35.409,R,,,,,,95,15,,,574,,
MIDSIZE CARS,PLYMOUTH,BREEZE,2.4,4,Auto(L4),F,21,30,24,23.1593,38.9851,28.3355,R,,,,,,95,15,,,719,,CLKUP
MIDSIZE CARS,PONTIAC,GRAND PRIX,3.1,6,Auto(L4),F,20,29,23,21.949,36.9989,26.8668,R,,,,98,16,99,16,,,750,,CLKUP
MIDSIZE CARS,PONTIAC,GRAND PRIX,3.8,6,Auto(L4),F,19,30,23,21.6,37.9,26.7836,R,,,,98,16,99,16,,,750,,CLKUP
MIDSIZE CARS,PONTIAC,GRAND PRIX,3.8,6,Auto(L4),F,18,28,21,19.5676,35.2664,24.4692,P,,,S,98,16,99,16,,,928,,CLKUP
MIDSIZE CARS,R-R MTR CARS LTD.,ROLLS-ROYCE SILVER SERAPH,5.4,12,Auto(L5),R,12,16,14,13.7971,20.7,16.2331,P,G,,,,,101,12,,,1392,54RA12,EMS CLKUP
MIDSIZE CARS,R-R MTR CARS LTD.,ROLLS-ROYCE SILVER SPUR,6.8,8,Auto(L4),R,11,16,13,12.3498,20.3499,15.0041,P,G,T,,,,98,12,,,1500,L410MT2,EMS CLKUP
MIDSIZE CARS,SAAB,SAAB 9-3,2.0,4,Auto(L4),F,19,25,21,20.8995,31.7436,24.6959,R,,T,,,,,,90,22,821,B204L3,2MODE
MIDSIZE CARS,SAAB,SAAB 9-3,2.0,4,Manual(M5),F,20,27,23,22.5982,34.4896,26.7482,R,,T,,,,,,90,22,750,B2O4L3,SIL
MIDSIZE CARS,SAAB,SAAB 9-3,2.0,4,Manual(M5),F,19,27,22,21.6,34.5,25.9697,P,,T,,,,,,90,22,887,B2O4R3,SIL
MIDSIZE CARS,SAAB,SAAB9-5,2.3,4,Auto(L4),F,19,26,21,20.6,33,24.7921,R,,T,,,,99,16,,,821,B235E5,2MODE
MIDSIZE CARS,SAAB,SAAB9-5,2.3,4,Manual(M5),F,21,30,24,23.3969,38.5999,28.437,R,,T,,,,99,16,,,719,B235E5,SIL
MIDSIZE CARS,SAAB,SAAB9-5,3.0,6,Auto(L4),F,18,26,21,20.0536,33.2294,24.4089,R,,T,,,,99,16,,,821,B308E5,2MODE
MIDSIZE CARS,TOYOTA,CAMRY,2.2,4,Auto(L4),F,23,30,26,25.6104,38.6197,30.1862,R,,,,,,97,14,,,664,,
MIDSIZE CARS,TOYOTA,CAMRY,2.2,4,Manual(M5),F,23,32,27,26,40.5465,31.0056,R,,,,,,97,14,,,638,,
MIDSIZE CARS,TOYOTA,CAMRY,3.0,6,Auto(L4),F,20,28,23,21.9449,35.4,26.4728,R,,,,,,97,14,,,750,,
MIDSIZE CARS,TOYOTA,CAMRY,3.0,6,Manual(M5),F,21,28,24,23.1312,36.5,27.6961,R,,,,,,97,14,,,719,,
MIDSIZE CARS,VOLKSWAGEN,PASSAT,1.8,4,Auto(L5),F,21,31,24,22.9787,39.5937,28.3281,P,,T,,,,95,15,,,813,,CLKUP
MIDSIZE CARS,VOLKSWAGEN,PASSAT,1.8,4,Manual(M5),F,23,32,26,25.9,40.7,30.9674,P,,T,,,,95,15,,,751,,
MIDSIZE CARS,VOLKSWAGEN,PASSAT,2.8,6,Auto(L5),F,18,29,21,19.5587,36.9976,24.8241,P,,,,,,95,15,,,928,,CLKUP
MIDSIZE CARS,VOLKSWAGEN,PASSAT,2.8,6,Manual(M5),F,20,29,23,22.127,36.9274,26.9959,P,,,,,,95,15,,,848,,
MIDSIZE CARS,VOLKSWAGEN,PASSAT SYNCRO,2.8,6,Auto(L5),4,17,26,20,19.0553,33.5849,23.6618,P,,,,,,95,15,,,975,,CLKUP
MIDSIZE CARS,VOLVO,S70,2.3,5,Auto(L4),F,20,27,23,21.9742,35.1875,26.4424,P,,T,,,,98,15,,,848,,CLKUP
MIDSIZE CARS,VOLVO,S70,2.3,5,Manual(M5),F,20,28,23,22.1467,35.3936,26.6322,P,,T,,,,98,15,,,848,,
MIDSIZE CARS,VOLVO,S70,2.4,5,Auto(L4),F,20,27,22,22.0261,34.2598,26.2431,P,,T,,,,98,15,,,887,,CLKUP
MIDSIZE CARS,VOLVO,S70,2.4,5,Auto(L4),F,20,28,23,22.5331,36.0528,27.1074,P,,,,,,98,15,,,848,,CLKUP
MIDSIZE CARS,VOLVO,S70,2.4,5,Manual(M5),F,21,29,24,23.545,36.5917,28.0447,P,,,,,,98,15,,,813,,
MIDSIZE CARS,VOLVO,S70 AWD,2.3,5,Auto(L4),4,18,25,21,20.2041,31.5968,24.1172,P,,T,,,,98,15,,,928,,CLKUP
MIDSIZE CARS,VOLVO,S70 AWD,2.4,5,Auto(L4),4,18,25,21,20.5195,31.4852,24.3331,P,,T,,,,98,15,,,928,,CLKUP
MIDSIZE CARS,VOLVO,S80,2.8,6,Auto(L4),F,18,27,22,20.5148,34.99,25.2075,P,,T,,,,99,15,,,887,,2MODE CLKUP
MIDSIZE CARS,VOLVO,S80,2.9,6,Auto(L4),F,19,27,22,21.3991,34.5128,25.8127,P,,,,,,99,15,,,887,,CLKUP
LARGE CARS,BENTLEY,BENTLEY BROOKLANDS R LIMO,6.8,8,Auto(L4),R,10,15,12,11.4,18.6,13.8047,P,G,T,,,,128,12,,,1624,L410MT2,EMS CLKUP
LARGE CARS,BMW,740IL,4.4,8,Auto(L5),R,17,23,19,18.9,30,22.6755,R,,,,,,107,13,,,907,,
LARGE CARS,BMW,750IL,5.4,12,Auto(L5),R,13,20,16,14.7,25.4,18.1385,R,G,,,,,107,13,,,1078,,
LARGE CARS,BUICK,LESABRE,3.8,6,Auto(L4),F,19,30,23,21.6,37.9,26.7836,R,,,,,,109,17,,,750,,CLKUP
LARGE CARS,BUICK,PARK AVENUE,3.8,6,Auto(L4),F,18,27,21,20,35,24.7788,P,,,S,,,111,19,,,928,,CLKUP
LARGE CARS,BUICK,PARK AVENUE,3.8,6,Auto(L4),F,19,28,22,20.9085,35.5062,25.6549,R,,,,,,111,19,,,785,,CLKUP
LARGE CARS,CADILLAC,DEVILLE,4.6,8,Auto(L4),F,17,26,20,18.8,33.3,23.3815,P,,,,,,117,20,,,975,,CLKUP
LARGE CARS,CADILLAC,FUNERAL COACH/HEARSE,4.6,8,Auto(L4),F,17,26,20,18.8,33.3,23.3815,P,,,,,,,,,,975,,CLKUP
LARGE CARS,CADILLAC,LIMOUSINE,4.6,8,Auto(L4),F,17,26,20,18.8,33.3,23.3815,P,,,,,,,,,,975,,CLKUP
LARGE CARS,CHRYSLER,300 M,3.5,6,Auto(L4),F,18,27,21,20.1897,34.0868,24.726,R,,,,,,105,17,,,821,,VMODE CLKUP
LARGE CARS,CHRYSLER,CONCORDE,2.7,6,Auto(L4),F,21,30,24,23.1,38.5,28.1707,R,,,,,,106,16,,,719,,CLKUP
LARGE CARS,CHRYSLER,CONCORDE,3.2,6,Auto(L4),F,19,29,22,20.9,36.6,25.8994,R,,,,,,106,16,,,785,,CLKUP
LARGE CARS,CHRYSLER,LHS,3.5,6,Auto(L4),F,18,27,21,20.1,34,24.6315,R,,,,,,107,19,,,821,,CLKUP
LARGE CARS,DODGE,INTREPID,2.7,6,Auto(L4),F,21,30,24,23.1,38.5,28.1707,R,,,,,,104,17,,,719,,CLKUP
LARGE CARS,DODGE,INTREPID,3.2,6,Auto(L4),F,18,28,21,20.2,35.4,25.0378,R,,,,,,104,17,,,821,,VMODE CLKUP
LARGE CARS,FORD,CROWN VICTORIA,4.6,8,Auto(L4),R,14,20,17,15.9,26.1,19.2929,C,,,,,,111,21,,,662,NGV,CLKUP
LARGE CARS,FORD,CROWN VICTORIA,4.6,8,Auto(L4),R,17,24,19,18.7236,30.3385,22.6207,R,,,,,,111,21,,,907,,CLKUP
LARGE CARS,LINCOLN-MERCURY,CONTINENTAL,4.6,8,Auto(L4),F,17,25,20,19.0961,32.0324,23.3372,P,,,,,,102,19,,,975,,CLKUP
LARGE CARS,LINCOLN-MERCURY,GRAND MARQUIS,4.6,8,Auto(L4),R,17,24,19,18.7236,30.3385,22.6207,R,,,,,,109,21,,,907,,CLKUP
LARGE CARS,LINCOLN-MERCURY,TOWN CAR,4.6,8,Auto(L4),R,17,24,19,18.7236,30.3385,22.6207,R,,,,,,112,21,,,907,,CLKUP
LARGE CARS,MERCEDES-BENZ,S320,3.2,6,Auto(L5),R,17,24,20,19.1,30.7,23.013,P,,,,,,112,16,,,975,,EMS 2MODE CLKUP
LARGE CARS,MERCEDES-BENZ,S320,3.2,6,Auto(L5),R,17,24,20,19.1,30.7,23.013,P,,,,,,108,16,,,975,,EMS 2MODE CLKUP
LARGE CARS,MERCEDES-BENZ,S420,4.2,8,Auto(L5),R,15,22,18,17.2,27.6,20.712,P,G,,,,,112,16,,,1084,,EMS 2MODE CLKUP
LARGE CARS,MERCEDES-BENZ,S500,5.0,8,Auto(L5),R,15,21,17,16.5,27,20,P,G,,,,,112,16,,,1147,,EMS 2MODE CLKUP
LARGE CARS,MERCEDES-BENZ,S600,6.0,12,Auto(L5),R,13,19,15,13.9,24,17.1473,P,G,,,,,112,16,,,1301,,EMS 2MODE CLKUP
LARGE CARS,OLDSMOBILE,EIGHTY EIGHT/REGENCY,3.8,6,Auto(L4),F,18,27,21,20,35,24.7788,P,,,S,,,106,18,,,928,,CLKUP
LARGE CARS,OLDSMOBILE,EIGHTY EIGHT/REGENCY,3.8,6,Auto(L4),F,19,29,23,21.3977,37.1835,26.451,R,,,,,,106,18,,,750,,CLKUP
LARGE CARS,PONTIAC,BONNEVILLE,3.8,6,Auto(L4),F,19,28,22,20.9085,35.5062,25.6549,R,,,,,,110,18,,,785,,CLKUP
LARGE CARS,PONTIAC,BONNEVILLE,3.8,6,Auto(L4),F,18,27,21,19.4678,34.977,24.3206,P,,,S,,,110,18,,,928,,CLKUP
LARGE CARS,R-R MTR CARS LTD.,R-R SILVER SPUR PARK WARD,6.8,8,Auto(L4),R,10,15,12,11.4,18.6,13.8047,P,G,T,,,,128,12,,,1624,L410MT2,EMS CLKUP
LARGE CARS,TOYOTA,AVALON,3.0,6,Auto(L4),F,21,29,24,23.2766,37.4883,28.0641,R,,,,,,106,15,,,719,,2MODE 2LKUP
SMALL STATION WAGONS,AUDI,A4 AVANT QUATTRO,1.8,4,Auto(L5),4,18,27,21,20.4074,34.8041,25.0749,P,,T,,,,89,31,,,928,,CLKUP
SMALL STATION WAGONS,AUDI,A4 AVANT QUATTRO,1.8,4,Manual(M5),4,21,29,24,23.5426,36.9427,28.1349,P,,T,,,,89,31,,,813,,
SMALL STATION WAGONS,AUDI,A4 AVANT QUATTRO,2.8,6,Auto(L5),4,17,27,21,19.4211,34.5499,24.1871,P,,,,,,89,31,,,928,,CLKUP
SMALL STATION WAGONS,AUDI,A4 AVANT QUATTRO,2.8,6,Manual(M5),4,19,27,22,21.3477,34.248,25.7047,P,,,,,,89,31,,,887,,
SMALL STATION WAGONS,BMW,528I TOURING,2.8,6,Auto(L4),R,18,26,21,20.168,33.0806,24.4654,R,,,,,,96,33,,,821,,
SMALL STATION WAGONS,BMW,528I TOURING,2.8,6,Manual(M5),R,18,26,21,20.3,33.4,24.6508,R,,,,,,96,33,,,821,,
SMALL STATION WAGONS,BMW,540I TOURING,4.4,8,Auto(L5),R,15,21,18,17.2,26.8967,20.5308,R,G,,,,,96,33,,,959,,3MODE
SMALL STATION WAGONS,DAEWOO,NUBIRA STATION WAGON,2.0,4,Auto(A4),F,22,30,25,24.4,39.7,29.5194,R,,,,,,93,19,,,690,DOHC-IL4,EMS
SMALL STATION WAGONS,DAEWOO,NUBIRA STATION WAGON,2.0,4,Manual(M5),F,22,31,26,24.8,40.9,30.1388,R,,,,,,93,19,,,664,DOHC-IL4,
SMALL STATION WAGONS,FORD,ESCORT WAGON,2.0,4,Auto(L4),F,25,34,29,28.1401,43.3684,33.421,R,,,,,,94,26,,,595,,CLKUP
SMALL STATION WAGONS,FORD,ESCORT WAGON,2.0,4,Manual(M5),F,28,37,32,31.2086,47.4546,36.8921,R,,,,,,94,26,,,538,,
SMALL STATION WAGONS,HYUNDAI,ELANTRA WAGON,2.0,4,Auto(L4),F,21,30,24,23.5818,38.0428,28.448,R,,,,,,,,95,32,719,,2MODE CLKUP
SMALL STATION WAGONS,HYUNDAI,ELANTRA WAGON,2.0,4,Manual(M5),F,23,32,27,26.1,41.2643,31.2714,R,,,,,,,,95,32,638,,
SMALL STATION WAGONS,LINCOLN-MERCURY,TRACER WAGON,2.0,4,Auto(L4),F,25,34,29,28.1401,43.3684,33.421,R,,,,,,94,26,,,595,,CLKUP
SMALL STATION WAGONS,LINCOLN-MERCURY,TRACER WAGON,2.0,4,Manual(M5),F,28,37,32,31.2086,47.4546,36.8921,R,,,,,,94,26,,,538,,
SMALL STATION WAGONS,SATURN,SW,1.9,4,Auto(L4),F,26,35,30,29.2986,44.3964,34.5923,R,,,,,,92,25,,,574,SOHC,CLKUP
SMALL STATION WAGONS,SATURN,SW,1.9,4,Auto(L4),F,25,35,29,27.9828,44.8799,33.6908,R,,,,,,92,25,,,595,DOHC,CLKUP
SMALL STATION WAGONS,SATURN,SW,1.9,4,Manual(M5),F,27,38,31,29.8,48.2,35.981,R,,,,,,92,25,,,557,DOHC,SIL
SMALL STATION WAGONS,SATURN,SW,1.9,4,Manual(M5),F,28,38,31,30.6882,48.52,36.7692,R,,,,,,92,25,,,557,SOHC,SIL
SMALL STATION WAGONS,SUBARU,IMPREZA WAGON AWD,2.2,4,Auto(L4),4,23,29,25,25.1002,37.3344,29.4417,R,,,,,,85,25,,,690,,CLKUP
SMALL STATION WAGONS,SUBARU,IMPREZA WAGON AWD,2.2,4,Manual(M5),4,22,29,25,24.8393,37.5238,29.2956,R,,,,,,85,25,,,690,,
SMALL STATION WAGONS,SUZUKI,ESTEEM WAGON,1.6,4,Auto(L4),F,26,33,29,29,42.1,33.7219,R,,,,,,86,24,,,595,,CLKUP
SMALL STATION WAGONS,SUZUKI,ESTEEM WAGON,1.6,4,Manual(M5),F,30,36,32,32.9,46.7,37.9459,R,,,,,,86,24,,,538,,
MIDSIZE STATION WAGONS,AUDI,A6 AVANT QUATTRO,2.8,6,Auto(L5),4,17,26,20,18.7677,32.9815,23.283,P,,,,,,99,36,,,975,,CLKUP
MIDSIZE STATION WAGONS,FORD,TAURUS WAGON,3.0,6,Auto(L4),F,18,26,21,19.8423,33.0861,24.2017,R,,,,,,104,38,,,821,4V,CLKUP
MIDSIZE STATION WAGONS,FORD,TAURUS WAGON,3.0,6,Auto(L4),F,18,27,21,20.5179,34.4083,25.0726,R,,,,,,104,38,,,821,2V,CLKUP
MIDSIZE STATION WAGONS,ISUZU,OASIS,2.3,4,Auto(L4),F,21,26,23,23.3,33,26.8518,R,,,,,,,,107,46,750,VTEC,CLKUP
MIDSIZE STATION WAGONS,LEXUS,RX 300,3.0,6,Auto(L4),F,19,24,21,21.1,30.3,24.4392,R,,,,,,,,101,31,821,,2MODE 2LKUP
MIDSIZE STATION WAGONS,LEXUS,RX 300 4WD,3.0,6,Auto(L4),4,19,22,20,20.6,28.1,23.4119,R,,,,,,,,101,31,862,,2MODE 2LKUP
MIDSIZE STATION WAGONS,LINCOLN-MERCURY,SABLE WAGON,3.0,6,Auto(L4),F,18,26,21,19.8423,33.0861,24.2017,R,,,,,,104,38,,,821,4V,CLKUP
MIDSIZE STATION WAGONS,LINCOLN-MERCURY,SABLE WAGON,3.0,6,Auto(L4),F,19,27,22,20.9928,35.0519,25.6164,R,,,,,,104,38,,,785,2V,CLKUP
MIDSIZE STATION WAGONS,MERCEDES-BENZ,E320,3.2,6,Auto(L5),R,20,28,23,22.4437,35.2898,26.8404,P,,,,,,,,98,44,848,,EMS 2MODE CLKUP
MIDSIZE STATION WAGONS,MERCEDES-BENZ,E320 4MATIC,3.2,6,Auto(L5),R,20,26,22,21.7666,33.4603,25.8286,P,,,,,,,,98,44,887,,EMS CLKUP
MIDSIZE STATION WAGONS,SUBARU,LEGACY WAGON AWD,2.2,4,Auto(L4),4,22,29,25,24.8015,36.4712,28.9732,R,,,,,,96,36,,,690,,CLKUP
MIDSIZE STATION WAGONS,SUBARU,LEGACY WAGON AWD,2.2,4,Manual(M5),4,22,29,25,24.7407,37.6368,29.2509,R,,,,,,96,36,,,690,,
MIDSIZE STATION WAGONS,SUBARU,LEGACY WAGON AWD,2.5,4,Auto(L4),4,21,26,23,22.9881,33.6176,26.8016,R,,,,,,96,36,,,750,DOHC,CLKUP
MIDSIZE STATION WAGONS,SUBARU,LEGACY WAGON AWD,2.5,4,Manual(M5),4,21,27,23,22.7988,34.1213,26.8008,R,,,,,,96,36,,,750,DOHC,
MIDSIZE STATION WAGONS,VOLKSWAGEN,PASSAT WAGON,1.8,4,Auto(L5),F,21,31,24,22.9787,39.5937,28.3281,P,,T,,,,97,39,,,813,,CLKUP
MIDSIZE STATION WAGONS,VOLKSWAGEN,PASSAT WAGON,1.8,4,Manual(M5),F,23,32,26,25.9,40.7,30.9674,P,,T,,,,97,39,,,751,,
MIDSIZE STATION WAGONS,VOLKSWAGEN,PASSAT WAGON,2.8,6,Auto(L5),F,18,29,21,19.5587,36.9976,24.8241,P,,,,,,97,39,,,928,,CLKUP
MIDSIZE STATION WAGONS,VOLKSWAGEN,PASSAT WAGON,2.8,6,Manual(M5),F,20,29,23,22.127,36.9274,26.9959,P,,,,,,97,39,,,848,,
MIDSIZE STATION WAGONS,VOLKSWAGEN,PASSAT WAGON SYNCRO,2.8,6,Auto(L5),4,17,26,20,19.0553,33.5849,23.6618,P,,,,,,97,36,,,975,,CLKUP
MIDSIZE STATION WAGONS,VOLVO,V70,2.3,5,Auto(L4),F,20,27,23,21.9742,35.1875,26.4424,P,,T,,,,,,98,37,848,,CLKUP
MIDSIZE STATION WAGONS,VOLVO,V70,2.3,5,Manual(M5),F,20,28,23,22.1467,35.3936,26.6322,P,,T,,,,,,98,37,848,,
MIDSIZE STATION WAGONS,VOLVO,V70,2.4,5,Auto(L4),F,20,27,22,22.0261,34.2598,26.2431,P,,T,,,,,,98,37,887,,CLKUP
MIDSIZE STATION WAGONS,VOLVO,V70,2.4,5,Auto(L4),F,20,28,23,22.5331,36.0528,27.1074,P,,,,,,,,98,37,848,,CLKUP
MIDSIZE STATION WAGONS,VOLVO,V70,2.4,5,Manual(M5),F,21,29,24,23.545,36.5917,28.0447,P,,,,,,,,98,37,813,,
MIDSIZE STATION WAGONS,VOLVO,V70 AWD,2.3,5,Auto(L4),4,18,25,21,20.2041,31.5968,24.1172,P,,T,,,,,,98,37,928,,CLKUP
MIDSIZE STATION WAGONS,VOLVO,V70 AWD,2.4,5,Auto(L4),4,18,25,21,20.5195,31.4852,24.3331,P,,T,,,,,,98,37,928,,CLKUP
SMALL PICKUP TRUCKS 2WD,CHEVROLET,S10 PICKUP 2WD,2.2,4,Auto(L4),R,19,26,22,21.2,33,25.2654,R,,,,,,,,,,785,,CLKUP
SMALL PICKUP TRUCKS 2WD,CHEVROLET,S10 PICKUP 2WD,2.2,4,Manual(M5),R,23,29,25,25.5,36.7,29.5594,R,,,,,,,,,,690,,SIL
SMALL PICKUP TRUCKS 2WD,CHEVROLET,S10 PICKUP 2WD,4.3,6,Auto(L4),R,17,22,18,18.3351,27.7077,21.6272,R,,,,,,,,,,959,,CLKUP
SMALL PICKUP TRUCKS 2WD,CHEVROLET,S10 PICKUP 2WD,4.3,6,Manual(M5),R,17,23,19,18.9849,29.6,22.6382,R,,,,,,,,,,907,,SIL
SMALL PICKUP TRUCKS 2WD,GMC,SONOMA 2WD,2.2,4,Auto(L4),R,19,26,22,21.2,33,25.2654,R,,,,,,,,,,785,,CLKUP
SMALL PICKUP TRUCKS 2WD,GMC,SONOMA 2WD,2.2,4,Manual(M5),R,23,29,25,25.5,36.7,29.5594,R,,,,,,,,,,690,,SIL
SMALL PICKUP TRUCKS 2WD,GMC,SONOMA 2WD,4.3,6,Auto(L4),R,17,22,18,18.3365,27.7102,21.6289,R,,,,,,,,,,959,,CLKUP
SMALL PICKUP TRUCKS 2WD,GMC,SONOMA 2WD,4.3,6,Manual(M5),R,17,23,19,18.9765,29.6,22.6317,R,,,,,,,,,,907,,SIL
SMALL PICKUP TRUCKS 2WD,ISUZU,HOMBRE PICKUP 2WD,2.2,4,Auto(L4),R,19,26,22,21.2,33,25.2654,R,,,,,,,,,,785,,CLKUP
SMALL PICKUP TRUCKS 2WD,ISUZU,HOMBRE PICKUP 2WD,2.2,4,Manual(M5),R,23,29,25,25.5,36.7,29.5594,R,,,,,,,,,,690,,SIL
SMALL PICKUP TRUCKS 2WD,ISUZU,HOMBRE PICKUP 2WD,4.3,6,Auto(L4),R,16,21,18,17.9111,26.9107,21.084,R,,,,,,,,,,959,,CLKUP
SMALL PICKUP TRUCKS 2WD,ISUZU,HOMBRE PICKUP 2WD,4.3,6,Manual(M5),R,17,23,19,18.9,29.6,22.5717,R,,,,,,,,,,907,,SIL
STANDARD PICKUP TRUCKS 2WD,CHEVROLET,C1500 PICKUP 2WD,5.0,8,Auto(L4),R,15,19,16,16.1202,23.7965,18.8576,R,,,,,,,,,,1078,,CLKUP
STANDARD PICKUP TRUCKS 2WD,CHEVROLET,C1500 PICKUP 2WD,5.7,8,Auto(L4),R,14,18,16,15.5,23.7,18.3583,R,,,,,,,,,,1078,,CLKUP
STANDARD PICKUP TRUCKS 2WD,CHEVROLET,C1500 SILVERADO 2WD,4.3,6,Auto(L4),R,16,20,18,17.9007,25.5897,20.6996,R,,,,,,,,,,959,,CLKUP
STANDARD PICKUP TRUCKS 2WD,CHEVROLET,C1500 SILVERADO 2WD,4.3,6,Manual(M5),R,17,23,19,18.7377,28.9588,22.2757,R,,,,,,,,,,907,,SIL
STANDARD PICKUP TRUCKS 2WD,CHEVROLET,C1500 SILVERADO 2WD,4.8,8,Auto(L4),R,16,21,18,17.8757,26.4699,20.9343,R,,,,,,,,,,959,,CLKUP
STANDARD PICKUP TRUCKS 2WD,CHEVROLET,C1500 SILVERADO 2WD,4.8,8,Manual(M5),R,16,20,17,17.227,26.1427,20.3501,R,,,,,,,,,,1014,,SIL
STANDARD PICKUP TRUCKS 2WD,CHEVROLET,C1500 SILVERADO 2WD,5.3,8,Auto(L4),R,16,20,17,17.2844,25.6645,20.2616,R,,,,,,,,,,1014,,CLKUP
STANDARD PICKUP TRUCKS 2WD,CHEVROLET,C2500 SILVERADO 2WD,5.3,8,Auto(L4),R,15,19,17,16.9,24.8,19.7279,R,,,,,,,,,,1014,,CLKUP
STANDARD PICKUP TRUCKS 2WD,CHEVROLET,C2500 SILVERADO 2WD,6.0,8,Auto(L4),R,12,16,13,13.3366,20.3299,15.7791,R,,,,,,,,,,1327,,CLKUP
STANDARD PICKUP TRUCKS 2WD,DODGE,DAKOTA PICKUP 2WD,2.5,4,Manual(M5),R,20,24,22,21.9372,31.0881,25.2866,R,,,,,,,,,,785,,SIL
STANDARD PICKUP TRUCKS 2WD,DODGE,DAKOTA PICKUP 2WD,3.9,6,Auto(L4),R,16,21,18,17.6,26.7,20.7883,R,,,,,,,,,,959,,
STANDARD PICKUP TRUCKS 2WD,DODGE,DAKOTA PICKUP 2WD,3.9,6,Manual(M5),R,16,22,18,17.9,27.9,21.3423,R,,,,,,,,,,959,,SIL
STANDARD PICKUP TRUCKS 2WD,DODGE,DAKOTA PICKUP 2WD,5.2,8,Auto(L4),R,14,18,15,15.1,22.8,17.8061,R,,,,,,,,,,1151,,CLKUP
STANDARD PICKUP TRUCKS 2WD,DODGE,DAKOTA PICKUP 2WD,5.2,8,Manual(M5),R,13,18,15,14.7,22.6,17.4439,R,,,,,,,,,,1151,,SIL
STANDARD PICKUP TRUCKS 2WD,DODGE,DAKOTA PICKUP 2WD,5.9,8,Auto(L4),R,12,17,14,13.8511,21.3154,16.4421,R,,,,,,,,,,1232,,CLKUP
STANDARD PICKUP TRUCKS 2WD,DODGE,RAM 1500 PICKUP 2WD,3.9,6,Auto(L4),R,15,20,17,16.4,25.1419,19.442,R,,,,,,,,,,1014,,
STANDARD PICKUP TRUCKS 2WD,DODGE,RAM 1500 PICKUP 2WD,3.9,6,Manual(M5),R,15,21,17,16.7,27.1,20.186,R,,,,,,,,,,1014,,
STANDARD PICKUP TRUCKS 2WD,DODGE,RAM 1500 PICKUP 2WD,5.2,8,Auto(L4),R,13,19,15,14.9357,24.2828,18.0648,R,,,,,,,,,,1151,,CLKUP
STANDARD PICKUP TRUCKS 2WD,DODGE,RAM 1500 PICKUP 2WD,5.2,8,Manual(M5),R,13,18,15,14.873,23.5188,17.8211,R,,,,,,,,,,1151,,SIL
STANDARD PICKUP TRUCKS 2WD,DODGE,RAM 1500 PICKUP 2WD,5.9,8,Auto(L4),R,13,17,14,13.9304,22.005,16.6856,R,,,,,,,,,,1232,,CLKUP
STANDARD PICKUP TRUCKS 2WD,FORD,F150 PICKUP 2WD,4.2,6,Auto(L4),R,16,20,17,17.3743,25.184,20.192,R,,,,,,,,,,1014,,CLKUP
STANDARD PICKUP TRUCKS 2WD,FORD,F150 PICKUP 2WD,4.2,6,Manual(M5),R,16,21,18,18.1778,27.1032,21.3402,R,,,,,,,,,,959,,
STANDARD PICKUP TRUCKS 2WD,FORD,F150 PICKUP 2WD,4.6,8,Auto(L4),R,15,19,16,16.1905,24.6207,19.1395,R,,,,,,,,,,1078,,CLKUP
STANDARD PICKUP TRUCKS 2WD,FORD,F150 PICKUP 2WD,4.6,8,Manual(M5),R,14,19,16,15.588,23.9759,18.5005,R,,,,,,,,,,1078,,
STANDARD PICKUP TRUCKS 2WD,FORD,F150 PICKUP 2WD,5.4,8,Auto(L4),R,13,17,15,14.9658,22.3595,17.5821,R,,,,,,,,,,1151,,CLKUP
STANDARD PICKUP TRUCKS 2WD,FORD,F250 PICKUP 2WD,4.6,8,Auto(L4),R,14,18,15,15.0113,23.2551,17.8604,R,,,,,,,,,,1151,,CLKUP
STANDARD PICKUP TRUCKS 2WD,FORD,F250 PICKUP 2WD,4.6,8,Manual(M5),R,14,19,16,15.5619,23.9236,18.4663,R,,,,,,,,,,1078,,
STANDARD PICKUP TRUCKS 2WD,FORD,F250 PICKUP 2WD,5.4,8,Auto(L4),R,13,17,15,14.9487,22.329,17.5606,R,,,,,,,,,,1151,,CLKUP
STANDARD PICKUP TRUCKS 2WD,FORD,F250 PICKUP 2WD,5.4,8,Auto(L4),R,11,15,13,12.5,19,14.7745,C,,,,,,,,,,865,NGV,CLKUP
STANDARD PICKUP TRUCKS 2WD,FORD,RANGER FFV - 2WD,3.0,6,Auto(L4),R,17,22,19,18.4,28.003,21.7575,R,,,,,,,,,,907,FFV,CLKUP
STANDARD PICKUP TRUCKS 2WD,FORD,RANGER FFV - 2WD,3.0,6,Manual(M5),R,18,23,20,19.5924,29.4337,23.0624,R,,,,,,,,,,862,FFV,
STANDARD PICKUP TRUCKS 2WD,FORD,RANGER PICKUP 2WD,2.5,4,Auto(L4),R,20,25,22,22.2316,31.491,25.6218,R,,,,,,,,,,785,,CLKUP
STANDARD PICKUP TRUCKS 2WD,FORD,RANGER PICKUP 2WD,2.5,4,Manual(M5),R,22,27,24,23.8915,34.1048,27.6126,R,,,,,,,,,,719,,
STANDARD PICKUP TRUCKS 2WD,FORD,RANGER PICKUP 2WD,4.0,6,Auto(L5),R,16,21,18,17.7899,26.9894,21.013,R,,,,,,,,,,959,,CLKUP
STANDARD PICKUP TRUCKS 2WD,FORD,RANGER PICKUP 2WD,4.0,6,Manual(M5),R,17,22,19,19.274,28.4188,22.5376,R,,,,,,,,,,907,,
STANDARD PICKUP TRUCKS 2WD,GMC,C1500 SIERRA 2WD,4.3,6,Auto(L4),R,16,20,18,17.901,25.6162,20.7076,R,,,,,,,,,,959,,CLKUP
STANDARD PICKUP TRUCKS 2WD,GMC,C1500 SIERRA 2WD,4.3,6,Manual(M5),R,17,23,19,18.8105,29.2441,22.4081,R,,,,,,,,,,907,,SIL
STANDARD PICKUP TRUCKS 2WD,GMC,C1500 SIERRA 2WD,4.8,8,Auto(L4),R,16,21,18,17.8794,26.4745,20.9384,R,,,,,,,,,,959,,CLKUP
STANDARD PICKUP TRUCKS 2WD,GMC,C1500 SIERRA 2WD,4.8,8,Manual(M5),R,16,20,17,17.2335,26.1556,20.3586,R,,,,,,,,,,1014,,SIL
STANDARD PICKUP TRUCKS 2WD,GMC,C1500 SIERRA 2WD,5.0,8,Auto(L4),R,15,19,16,16.1129,23.7782,18.8469,R,,,,,,,,,,1078,,CLKUP
STANDARD PICKUP TRUCKS 2WD,GMC,C1500 SIERRA 2WD,5.3,8,Auto(L4),R,16,20,17,17.2878,25.6721,20.2662,R,,,,,,,,,,1014,,CLKUP
STANDARD PICKUP TRUCKS 2WD,GMC,C1500 SIERRA 2WD,5.7,8,Auto(L4),R,14,18,16,15.5,23.7,18.3583,R,,,,,,,,,,1078,,CLKUP
STANDARD PICKUP TRUCKS 2WD,GMC,C2500 SIERRA 2WD,5.3,8,Auto(L4),R,15,19,17,16.9,24.8,19.7279,R,,,,,,,,,,1014,,CLKUP
STANDARD PICKUP TRUCKS 2WD,GMC,C2500 SIERRA 2WD,6.0,8,Auto(L4),R,12,16,13,13.3165,20.3089,15.758,R,,,,,,,,,,1327,,CLKUP
STANDARD PICKUP TRUCKS 2WD,MAZDA,B2500,2.5,4,Auto(L4),R,20,25,22,22.2316,31.491,25.6218,R,,,,,,,,,,785,,CLKUP
STANDARD PICKUP TRUCKS 2WD,MAZDA,B2500,2.5,4,Manual(M5),R,22,27,24,23.8915,34.1048,27.6126,R,,,,,,,,,,719,,
STANDARD PICKUP TRUCKS 2WD,MAZDA,B3000 FFV - 2WD,3.0,6,Auto(L4),R,17,22,19,18.4678,27.9343,21.7908,R,,,,,,,,,,907,FFV,CLKUP
STANDARD PICKUP TRUCKS 2WD,MAZDA,B3000 FFV - 2WD,3.0,6,Manual(M5),R,18,23,20,19.5924,29.4337,23.0624,R,,,,,,,,,,862,FFV,
STANDARD PICKUP TRUCKS 2WD,MAZDA,B4000,4.0,6,Auto(L5),R,16,22,18,18.2791,27.6011,21.5551,R,,,,,,,,,,959,,CLKUP
STANDARD PICKUP TRUCKS 2WD,MAZDA,B4000,4.0,6,Manual(M5),R,17,22,19,19.2744,28.4194,22.538,R,,,,,,,,,,907,,
STANDARD PICKUP TRUCKS 2WD,NISSAN,FRONTIER TRUCK 2WD,2.4,4,Auto(L4),R,20,24,21,21.7564,30.2633,24.9069,R,,,,,,,,,,821,,
STANDARD PICKUP TRUCKS 2WD,NISSAN,FRONTIER TRUCK 2WD,2.4,4,Manual(M5),R,22,26,24,24.7723,33.484,28.0573,R,,,,,,,,,,719,,
STANDARD PICKUP TRUCKS 2WD,TOYOTA,TOYOTA TACOMA 2WD,2.4,4,Auto(A4),R,21,24,22,23.735,30.6778,26.4263,R,,,,,,,,,,785,,
STANDARD PICKUP TRUCKS 2WD,TOYOTA,TOYOTA TACOMA 2WD,2.4,4,Manual(M5),R,22,27,24,24.3755,34.2564,28.0113,R,,,,,,,,,,719,,
STANDARD PICKUP TRUCKS 2WD,TOYOTA,TOYOTA TACOMA 2WD,2.7,4,Auto(L4),R,19,21,20,21.1,27.5,23.5682,R,,,,,,,,,,862,,2MODE CLKUP
STANDARD PICKUP TRUCKS 2WD,TOYOTA,TOYOTA TACOMA 2WD,3.4,6,Auto(L4),R,19,23,20,20.7169,29.7317,23.9902,R,,,,,,,,,,862,,2MODE CLKUP
STANDARD PICKUP TRUCKS 2WD,TOYOTA,TOYOTA TACOMA 2WD,3.4,6,Manual(M5),R,19,24,21,21.3958,30.7317,24.7839,R,,,,,,,,,,821,,
STANDARD PICKUP TRUCKS 4WD,CHEVROLET,K1500 PICKUP 4WD,5.0,8,Auto(L4),4,14,18,16,15.6,22.8,18.184,R,,,,,,,,,,1078,,CLKUP
STANDARD PICKUP TRUCKS 4WD,CHEVROLET,K1500 PICKUP 4WD,5.7,8,Auto(L4),4,13,17,15,14.9,21.8,17.3747,R,,,,,,,,,,1151,,CLKUP
STANDARD PICKUP TRUCKS 4WD,CHEVROLET,K1500 SILVERADO 4WD,4.3,6,Auto(L4),4,16,20,18,17.8,25.7,20.6575,R,,,,,,,,,,959,,CLKUP
STANDARD PICKUP TRUCKS 4WD,CHEVROLET,K1500 SILVERADO 4WD,4.3,6,Manual(M5),4,15,18,16,16.2,22.5,18.5355,R,,,,,,,,,,1078,,SIL
STANDARD PICKUP TRUCKS 4WD,CHEVROLET,K1500 SILVERADO 4WD,4.8,8,Auto(L4),4,15,18,16,16.8089,23.1632,19.1761,R,,,,,,,,,,1078,,CLKUP
STANDARD PICKUP TRUCKS 4WD,CHEVROLET,K1500 SILVERADO 4WD,4.8,8,Manual(M5),4,15,19,16,16.6,24.2,19.3321,R,,,,,,,,,,1078,,SIL
STANDARD PICKUP TRUCKS 4WD,CHEVROLET,K1500 SILVERADO 4WD,5.3,8,Auto(L4),4,15,18,16,16.3553,22.6555,18.6948,R,,,,,,,,,,1078,,CLKUP
STANDARD PICKUP TRUCKS 4WD,CHEVROLET,S10 PICKUP 4WD,4.3,6,Auto(L4),4,16,21,18,17.9,26.7,21.0172,R,,,,,,,,,,959,,CLKUP
STANDARD PICKUP TRUCKS 4WD,CHEVROLET,S10 PICKUP 4WD,4.3,6,Manual(M5),4,17,21,18,18.3964,27.4924,21.6145,R,,,,,,,,,,959,,SIL
STANDARD PICKUP TRUCKS 4WD,DODGE,DAKOTA PICKUP 4WD,3.9,6,Auto(L4),4,14,18,16,15.9891,23.2771,18.6113,R,,,,,,,,,,1078,,
STANDARD PICKUP TRUCKS 4WD,DODGE,DAKOTA PICKUP 4WD,3.9,6,Manual(M5),4,15,19,17,16.8924,24.592,19.6627,R,,,,,,,,,,1014,,SIL
STANDARD PICKUP TRUCKS 4WD,DODGE,DAKOTA PICKUP 4WD,5.2,8,Auto(L4),4,13,16,14,14.5576,21.0437,16.9019,R,,,,,,,,,,1232,,CLKUP
STANDARD PICKUP TRUCKS 4WD,DODGE,DAKOTA PICKUP 4WD,5.2,8,Manual(M5),4,13,18,15,14.9,22.5,17.5708,R,,,,,,,,,,1151,,SIL
STANDARD PICKUP TRUCKS 4WD,DODGE,RAM 1500 PICKUP 4WD,5.2,8,Auto(L4),4,12,16,14,13.7885,21.1193,16.341,R,,,,,,,,,,1232,,CLKUP
STANDARD PICKUP TRUCKS 4WD,DODGE,RAM 1500 PICKUP 4WD,5.2,8,Manual(M5),4,13,17,14,14.275,21.6904,16.8704,R,,,,,,,,,,1232,,SIL
STANDARD PICKUP TRUCKS 4WD,DODGE,RAM 1500 PICKUP 4WD,5.9,8,Auto(L4),4,12,16,13,13.0466,20.5152,15.6027,R,,,,,,,,,,1327,,CLKUP
STANDARD PICKUP TRUCKS 4WD,FORD,F150 PICKUP 4WD,4.2,6,Auto(L4),4,15,18,16,16.3889,22.7436,18.7459,R,,,,,,,,,,1078,,CLKUP
STANDARD PICKUP TRUCKS 4WD,FORD,F150 PICKUP 4WD,4.2,6,Manual(M5),4,15,18,16,16.2,23,18.6861,R,,,,,,,,,,1078,,
STANDARD PICKUP TRUCKS 4WD,FORD,F150 PICKUP 4WD,4.6,8,Auto(L4),4,14,17,15,15.0301,21.4275,17.3629,R,,,,,,,,,,1151,,CLKUP
STANDARD PICKUP TRUCKS 4WD,FORD,F150 PICKUP 4WD,4.6,8,Manual(M5),4,14,17,15,15,22,17.5066,R,,,,,,,,,,1151,,
STANDARD PICKUP TRUCKS 4WD,FORD,F150 PICKUP 4WD,5.4,8,Auto(L4),4,13,16,14,14.0389,20.4207,16.3364,R,,,,,,,,,,1232,,CLKUP
STANDARD PICKUP TRUCKS 4WD,FORD,F250 PICKUP 4WD,4.6,8,Auto(L4),4,13,16,15,14.8137,20.9709,17.0689,R,,,,,,,,,,1151,,CLKUP
STANDARD PICKUP TRUCKS 4WD,FORD,F250 PICKUP 4WD,4.6,8,Manual(M5),4,13,17,15,14.5609,21.4769,17.0285,R,,,,,,,,,,1151,,
STANDARD PICKUP TRUCKS 4WD,FORD,F250 PICKUP 4WD,5.4,8,Auto(L4),4,12,15,13,13.4227,19.5996,15.6409,R,,,,,,,,,,1327,,CLKUP
STANDARD PICKUP TRUCKS 4WD,FORD,RANGER FFV - 4WD,3.0,6,Auto(L4),4,15,19,17,16.6719,24.639,19.5108,R,,,,,,,,,,1014,FFV,CLKUP
STANDARD PICKUP TRUCKS 4WD,FORD,RANGER FFV - 4WD,3.0,6,Manual(M5),4,18,21,19,19.5,27.4,22.4072,R,,,,,,,,,,907,FFV,
STANDARD PICKUP TRUCKS 4WD,FORD,RANGER PICKUP 4WD,4.0,6,Auto(L5),4,16,20,18,17.7567,25.4353,20.5481,R,,,,,,,,,,959,,CLKUP
STANDARD PICKUP TRUCKS 4WD,FORD,RANGER PICKUP 4WD,4.0,6,Manual(M5),4,17,20,18,18.3762,26.1816,21.2235,R,,,,,,,,,,959,,
STANDARD PICKUP TRUCKS 4WD,GMC,K1500 SIERRA 4WD,4.3,6,Auto(L4),4,16,20,18,17.8,25.7,20.6575,R,,,,,,,,,,959,,CLKUP
STANDARD PICKUP TRUCKS 4WD,GMC,K1500 SIERRA 4WD,4.3,6,Manual(M5),4,15,18,16,16.2,22.5,18.5355,R,,,,,,,,,,1078,,SIL
STANDARD PICKUP TRUCKS 4WD,GMC,K1500 SIERRA 4WD,4.8,8,Auto(L4),4,15,18,16,16.7738,23.1106,19.1348,R,,,,,,,,,,1078,,CLKUP
STANDARD PICKUP TRUCKS 4WD,GMC,K1500 SIERRA 4WD,4.8,8,Manual(M5),4,15,19,16,16.6,24.2,19.3321,R,,,,,,,,,,1078,,SIL
STANDARD PICKUP TRUCKS 4WD,GMC,K1500 SIERRA 4WD,5.0,8,Auto(L4),4,14,18,16,15.6,22.8,18.184,R,,,,,,,,,,1078,,CLKUP
STANDARD PICKUP TRUCKS 4WD,GMC,K1500 SIERRA 4WD,5.3,8,Auto(L4),4,15,18,16,16.3377,22.6378,18.6767,R,,,,,,,,,,1078,,CLKUP
STANDARD PICKUP TRUCKS 4WD,GMC,K1500 SIERRA 4WD,5.7,8,Auto(L4),4,13,17,15,14.9,21.8,17.3747,R,,,,,,,,,,1151,,CLKUP
STANDARD PICKUP TRUCKS 4WD,GMC,SONOMA 4WD,4.3,6,Auto(L4),4,16,21,18,17.9,26.7,21.0172,R,,,,,,,,,,959,,CLKUP
STANDARD PICKUP TRUCKS 4WD,GMC,SONOMA 4WD,4.3,6,Manual(M5),4,17,21,18,18.3964,27.4924,21.6145,R,,,,,,,,,,959,,SIL
STANDARD PICKUP TRUCKS 4WD,ISUZU,HOMBRE PICKUP 4WD,4.3,6,Auto(L4),4,16,21,18,17.9,26.7,21.0172,R,,,,,,,,,,959,,CLKUP
STANDARD PICKUP TRUCKS 4WD,ISUZU,HOMBRE PICKUP 4WD,4.3,6,Manual(M5),4,17,21,18,18.3964,27.4924,21.6145,R,,,,,,,,,,959,,SIL
STANDARD PICKUP TRUCKS 4WD,MAZDA,B3000 FFV - 4WD,3.0,6,Auto(L4),4,15,19,17,16.6719,24.639,19.5108,R,,,,,,,,,,1014,FFV,CLKUP
STANDARD PICKUP TRUCKS 4WD,MAZDA,B3000 FFV - 4WD,3.0,6,Manual(M5),4,18,21,19,19.5,27.4,22.4072,R,,,,,,,,,,907,FFV,
STANDARD PICKUP TRUCKS 4WD,MAZDA,B4000,4.0,6,Auto(L5),4,16,20,18,17.7567,25.4353,20.5481,R,,,,,,,,,,959,,CLKUP
STANDARD PICKUP TRUCKS 4WD,MAZDA,B4000,4.0,6,Manual(M5),4,17,20,18,18.3759,26.1814,21.2232,R,,,,,,,,,,959,,
STANDARD PICKUP TRUCKS 4WD,NISSAN,FRONTIER TRUCK 4WD,2.4,4,Manual(M5),4,18,21,19,19.7941,26.7823,22.4274,R,,,,,,,,,,907,,
STANDARD PICKUP TRUCKS 4WD,NISSAN,FRONTIER TRUCK V6-4WD,3.3,6,Auto(L4),4,15,19,17,17.0738,23.9739,19.6142,R,,,,,,,,,,1014,,CLKUP
STANDARD PICKUP TRUCKS 4WD,NISSAN,FRONTIER TRUCK V6-4WD,3.3,6,Manual(M5),4,16,19,17,18.074,23.8609,20.2882,R,,,,,,,,,,1014,,
STANDARD PICKUP TRUCKS 4WD,TOYOTA,TOYOTA TACOMA 4WD,2.7,4,Auto(L4),4,18,21,19,20.0218,26.682,22.5554,R,,,,,,,,,,907,,2MODE CLKUP
STANDARD PICKUP TRUCKS 4WD,TOYOTA,TOYOTA TACOMA 4WD,2.7,4,Manual(M5),4,17,21,19,19.3231,26.9865,22.1541,R,,,,,,,,,,907,,
STANDARD PICKUP TRUCKS 4WD,TOYOTA,TOYOTA TACOMA 4WD,3.4,6,Auto(L4),4,17,20,18,19.0635,25.1512,21.3937,R,,,,,,,,,,959,,2MODE CLKUP
STANDARD PICKUP TRUCKS 4WD,TOYOTA,TOYOTA TACOMA 4WD,3.4,6,Manual(M5),4,17,19,18,18.6,24.9359,21.0013,R,,,,,,,,,,959,,
"VANS, CARGO TYPE",CHEVROLET,ASTRO 2WD (CARGO),4.3,6,Auto(L4),R,16,21,18,17.9111,26.9107,21.084,R,,,,,,,,,,959,,CLKUP
"VANS, CARGO TYPE",CHEVROLET,ASTRO AWD (CARGO),4.3,6,Auto(L4),4,16,20,18,17.8,25.7,20.6575,R,,,,,,,,,,959,,CLKUP
"VANS, CARGO TYPE",CHEVROLET,G1500/G2500 CHEVY VAN 2WD,4.3,6,Auto(L4),R,15,19,16,16.5996,24.2001,19.3319,R,,,,,,,,,,1078,,CLKUP
"VANS, CARGO TYPE",CHEVROLET,G1500/G2500 CHEVY VAN 2WD,5.0,8,Auto(L4),R,14,18,16,15.9966,23.4911,18.6781,R,,,,,,,,,,1078,,CLKUP
"VANS, CARGO TYPE",CHEVROLET,G1500/G2500 CHEVY VAN 2WD,5.7,8,Auto(L4),R,14,18,15,15.1033,22.6657,17.7716,R,,,,,,,,,,1151,,CLKUP
"VANS, CARGO TYPE",DODGE,B1500 VAN 2WD,3.9,6,Auto(L3),R,15,17,16,16.9,21.6,18.7344,R,,,,,,,,,,1078,,
"VANS, CARGO TYPE",DODGE,B1500 VAN 2WD,5.2,8,Auto(L4),R,13,19,15,14.9178,24.3727,18.0727,R,,,,,,,,,,1151,,CLKUP
"VANS, CARGO TYPE",DODGE,B1500 VAN 2WD,5.9,8,Auto(L4),R,13,17,14,14,22.1,16.7651,R,,,,,,,,,,1232,,CLKUP
"VANS, CARGO TYPE",DODGE,B2500 VAN 2WD,5.2,8,Auto(L4),R,13,19,15,14.9,24.4,18.0651,R,,,,,,,,,,1151,,CLKUP
"VANS, CARGO TYPE",DODGE,B2500 VAN 2WD,5.9,8,Auto(L4),R,13,17,14,14,22.1,16.7651,R,,,,,,,,,,1232,,CLKUP
"VANS, CARGO TYPE",FORD,E150 ECONOLINE 2WD,4.2,6,Auto(L4),R,14,18,16,15.5837,23.3377,18.3232,R,,,,,,,,,,1078,,CLKUP
"VANS, CARGO TYPE",FORD,E150 ECONOLINE 2WD,4.6,8,Auto(L4),R,13,18,15,14.831,23.0418,17.6634,R,,,,,,,,,,1151,,CLKUP
"VANS, CARGO TYPE",FORD,E150 ECONOLINE 2WD,5.4,8,Auto(L4),R,13,17,15,14.9487,22.329,17.5606,R,,,,,,,,,,1151,,CLKUP
"VANS, CARGO TYPE",FORD,E250 ECONOLINE 2WD,4.2,6,Auto(L4),R,14,18,15,15.2278,22.8475,17.9167,R,,,,,,,,,,1151,,CLKUP
"VANS, CARGO TYPE",FORD,E250 ECONOLINE 2WD,5.4,8,Auto(L4),R,13,18,14,13.9714,22.6481,16.8818,R,,,,,,,,,,1232,,CLKUP
"VANS, CARGO TYPE",FORD,E250 ECONOLINE 2WD,5.4,8,Auto(L4),R,11,15,13,12.6,19.1,14.8785,C,,,,,,,,,,865,NGV,CLKUP
"VANS, CARGO TYPE",GMC,G1500/G2500 SAVANA 2WD CARGO,4.3,6,Auto(L4),R,15,19,16,16.5707,24.2096,19.313,R,,,,,,,,,,1078,,CLKUP
"VANS, CARGO TYPE",GMC,G1500/G2500 SAVANA 2WD CARGO,5.0,8,Auto(L4),R,14,18,16,15.993,23.4813,18.6726,R,,,,,,,,,,1078,,CLKUP
"VANS, CARGO TYPE",GMC,G1500/G2500 SAVANA 2WD CARGO,5.7,8,Auto(L4),R,14,18,15,15.1031,22.6835,17.7763,R,,,,,,,,,,1151,,CLKUP
"VANS, CARGO TYPE",GMC,SAFARI 2WD (CARGO),4.3,6,Auto(L4),R,16,21,18,17.9111,26.9107,21.084,R,,,,,,,,,,959,,CLKUP
"VANS, CARGO TYPE",GMC,SAFARI AWD (CARGO),4.3,6,Auto(L4),4,16,20,18,17.8,25.7,20.6575,R,,,,,,,,,,959,,CLKUP
"VANS, PASSENGER TYPE",CHEVROLET,ASTRO 2WD (PASSENGER),4.3,6,Auto(L4),R,16,20,18,17.9,25.5,20.6726,R,,,,,,,,,,959,,CLKUP
"VANS, PASSENGER TYPE",CHEVROLET,ASTRO AWD (PASSENGER),4.3,6,Auto(L4),4,15,19,17,17.1,24.4,19.7604,R,,,,,,,,,,1014,,CLKUP
"VANS, PASSENGER TYPE",CHEVROLET,G1500/G2500 CHEVY EXPRESS 2W,4.3,6,Auto(L4),R,15,19,16,16.3,24.3,19.1348,R,,,,,,,,,,1078,,CLKUP
"VANS, PASSENGER TYPE",CHEVROLET,G1500/G2500 CHEVY EXPRESS 2W,5.0,8,Auto(L4),R,14,17,15,15.5,22.2,17.9359,R,,,,,,,,,,1151,,CLKUP
"VANS, PASSENGER TYPE",CHEVROLET,G1500/G2500 CHEVY EXPRESS 2W,5.7,8,Auto(L4),R,14,18,15,15.0971,23.1883,17.9092,R,,,,,,,,,,1151,,CLKUP
"VANS, PASSENGER TYPE",DODGE,B1500 WAGON 2WD,3.9,6,Auto(L3),R,15,16,15,16.1498,20.8,17.9563,R,,,,,,,,,,1151,,
"VANS, PASSENGER TYPE",DODGE,B1500 WAGON 2WD,5.2,8,Auto(L4),R,13,19,15,14.9,24.4,18.0651,R,,,,,,,,,,1151,,CLKUP
"VANS, PASSENGER TYPE",DODGE,B2500 WAGON 2WD,5.2,8,Auto(L4),R,13,18,15,14.6,23.6,17.6246,R,,,,,,,,,,1151,,CLKUP
"VANS, PASSENGER TYPE",DODGE,B2500 WAGON 2WD,5.9,8,Auto(L4),R,12,17,14,13.4,22.2,16.3092,R,,,,,,,,,,1232,,CLKUP
"VANS, PASSENGER TYPE",FORD,E150 CLUB WAGON,4.2,6,Auto(L4),R,14,18,15,15.1351,22.7195,17.8107,R,,,,,,,,,,1151,,CLKUP
"VANS, PASSENGER TYPE",FORD,E150 CLUB WAGON,4.6,8,Auto(L4),R,13,17,15,14.8,22.4,17.4668,R,,,,,,,,,,1151,,CLKUP
"VANS, PASSENGER TYPE",FORD,E150 CLUB WAGON,5.4,8,Auto(L4),R,12,17,14,13.5,21.4,16.1894,R,,,,,,,,,,1232,,CLKUP
"VANS, PASSENGER TYPE",GMC,G1500/G2500 SAVANA 2WD PASSE,4.3,6,Auto(L4),R,15,19,16,16.3,24.3,19.1348,R,,,,,,,,,,1078,,CLKUP
"VANS, PASSENGER TYPE",GMC,G1500/G2500 SAVANA 2WD PASSE,5.0,8,Auto(L4),R,14,17,15,15.5,22.2,17.9359,R,,,,,,,,,,1151,,CLKUP
"VANS, PASSENGER TYPE",GMC,G1500/G2500 SAVANA 2WD PASSE,5.7,8,Auto(L4),R,14,18,15,15.0971,23.1883,17.9092,R,,,,,,,,,,1151,,CLKUP
"VANS, PASSENGER TYPE",GMC,SAFARI 2WD (PASSENGER),4.3,6,Auto(L4),R,16,20,18,17.9,25.5,20.6726,R,,,,,,,,,,959,,CLKUP
"VANS, PASSENGER TYPE",GMC,SAFARI AWD (PASSENGER),4.3,6,Auto(L4),4,15,19,17,17.1,24.4,19.7604,R,,,,,,,,,,1014,,CLKUP
SPECIAL PURPOSE VEHICLE 2WD,VOLKSWAGEN,EUROVAN CAMPER,2.8,6,Auto(L4),F,14,19,16,15.6,24.1,18.543,R,,,,,,,,,,1078,,CLKUP
SPECIAL PURPOSE VEHICLE 4WD,SUBARU,FORESTER AWD,2.5,4,Auto(L4),4,21,26,23,23.1438,32.8585,26.6955,R,,,,,,95,33,,,750,SOHC,CLKUP
SPECIAL PURPOSE VEHICLE 4WD,SUBARU,FORESTER AWD,2.5,4,Manual(M5),4,21,27,24,23.7384,35.0421,27.7694,R,,,,,,95,33,,,719,SOHC,
SPEC PURP VEH - MINIVAN - 2WD,CHEVROLET,VENTURE FWD,3.4,6,Auto(L4),F,18,25,20,19.6,31.9,23.7148,R,,,,,,,,,,862,,CLKUP
SPEC PURP VEH - MINIVAN - 2WD,CHRYSLER,TOWN & COUNTRY 2WD,3.3,6,Auto(L4),F,18,24,20,19.599,30.9971,23.4851,R,,,,,,,,,,862,,CLKUP
SPEC PURP VEH - MINIVAN - 2WD,CHRYSLER,TOWN & COUNTRY 2WD,3.3,6,Auto(L4),F,18,24,20,19.6,31,23.4867,R,,,,,,,,,,862,FFV,CLKUP
SPEC PURP VEH - MINIVAN - 2WD,CHRYSLER,TOWN & COUNTRY 2WD,3.8,6,Auto(L4),F,17,24,19,18.8553,30.1489,22.6781,R,,,,,,,,,,907,,CLKUP
SPEC PURP VEH - MINIVAN - 2WD,DODGE,CARAVAN 2WD,2.4,4,Auto(L3),F,20,26,22,22,33.2,25.9375,R,,,,,,,,,,785,,
SPEC PURP VEH - MINIVAN - 2WD,DODGE,CARAVAN 2WD,3.0,6,Auto(L4),F,19,26,21,20.7,33,24.8717,R,,,,,,,,,,821,,CLKUP
SPEC PURP VEH - MINIVAN - 2WD,DODGE,CARAVAN 2WD,3.3,6,Auto(L4),F,18,24,20,19.5949,30.9857,23.4789,R,,,,,,,,,,862,,CLKUP
SPEC PURP VEH - MINIVAN - 2WD,DODGE,CARAVAN 2WD,3.3,6,Auto(L4),F,18,24,20,19.6,31,23.4867,R,,,,,,,,,,862,FFV,CLKUP
SPEC PURP VEH - MINIVAN - 2WD,DODGE,CARAVAN 2WD,3.8,6,Auto(L4),F,17,24,19,18.8602,30.1711,22.6877,R,,,,,,,,,,907,,CLKUP
SPEC PURP VEH - MINIVAN - 2WD,DODGE,CARAVAN 2WD,3.8,6,Auto(L4),F,17,23,19,18.5,30,22.3565,R,,,,,,,,,,907,,VMODE CLKUP
SPEC PURP VEH - MINIVAN - 2WD,FORD,WINDSTAR FWD VAN,3.0,6,Auto(L4),F,17,23,19,18.6488,29.7987,22.4246,R,,,,,,,,,,907,,CLKUP
SPEC PURP VEH - MINIVAN - 2WD,FORD,WINDSTAR FWD VAN,3.8,6,Auto(L4),F,18,23,20,19.7,29,23.0224,R,,,,,,,,,,862,,CLKUP
SPEC PURP VEH - MINIVAN - 2WD,FORD,WINDSTAR FWD WAGON,3.0,6,Auto(L4),F,17,23,19,18.6488,29.7987,22.4246,R,,,,,,,,,,907,,CLKUP
SPEC PURP VEH - MINIVAN - 2WD,FORD,WINDSTAR FWD WAGON,3.8,6,Auto(L4),F,17,23,19,18.72,29.1617,22.3156,R,,,,,,,,,,907,,CLKUP
SPEC PURP VEH - MINIVAN - 2WD,HONDA,ODYSSEY,3.5,6,Auto(L4),F,18,26,21,19.8635,32.7144,24.1287,R,,,,,,,,,,821,VTEC,CLKUP
SPEC PURP VEH - MINIVAN - 2WD,MERCURY,VILLAGER FWD WAGON,3.3,6,Auto(L4),F,17,24,20,18.873,30.8408,22.8659,R,,,,,,,,,,862,,CLKUP
SPEC PURP VEH - MINIVAN - 2WD,NISSAN,QUEST,3.3,6,Auto(L4),F,17,24,20,19.0278,31.2816,23.0997,R,,,,,,,,,,862,,CLKUP
SPEC PURP VEH - MINIVAN - 2WD,OLDSMOBILE,SILHOUETTE FWD,3.4,6,Auto(L4),F,18,25,20,19.6,31.9,23.7148,R,,,,,,,,,,862,,CLKUP
SPEC PURP VEH - MINIVAN - 2WD,PLYMOUTH,VOYAGER 2WD,2.4,4,Auto(L3),F,20,26,22,22,33.2,25.9375,R,,,,,,,,,,785,,
SPEC PURP VEH - MINIVAN - 2WD,PLYMOUTH,VOYAGER 2WD,3.0,6,Auto(L4),F,19,26,21,20.7,33,24.8717,R,,,,,,,,,,821,,CLKUP
SPEC PURP VEH - MINIVAN - 2WD,PLYMOUTH,VOYAGER 2WD,3.3,6,Auto(L4),F,18,24,20,19.5948,30.9855,23.4788,R,,,,,,,,,,862,,CLKUP
SPEC PURP VEH - MINIVAN - 2WD,PLYMOUTH,VOYAGER 2WD,3.3,6,Auto(L4),F,18,24,20,19.6,31,23.4867,R,,,,,,,,,,862,FFV,CLKUP
SPEC PURP VEH - MINIVAN - 2WD,PLYMOUTH,VOYAGER 2WD,3.8,6,Auto(L4),F,17,24,19,18.8995,30.3499,22.7643,R,,,,,,,,,,907,,CLKUP
SPEC PURP VEH - MINIVAN - 2WD,PONTIAC,TRANS SPORT FWD,3.4,6,Auto(L4),F,18,25,20,19.6,31.9,23.7148,R,,,,,,,,,,862,,CLKUP
SPEC PURP VEH - MINIVAN - 2WD,TOYOTA,SIENNA,3.0,6,Auto(L4),F,18,24,21,20.2792,31.1504,24.0573,R,,,,,,,,,,821,,CLKUP
SPEC PURP VEH - MINIVAN - 2WD,VOLKSWAGEN,EUROVAN,2.8,6,Auto(L4),F,15,20,17,16.5462,25.1276,19.5508,R,,,,,,,,,,1014,,CLKUP
SPEC PURP VEH - MINIVAN - 4WD,CHRYSLER,TOWN & COUNTRY AWD,3.8,6,Auto(L4),4,16,23,19,17.7487,29.597,21.6486,R,,,,,,,,,,907,,CLKUP
SPEC PURP VEH - MINIVAN - 4WD,DODGE,CARAVAN AWD,3.8,6,Auto(L4),4,16,23,18,17.3,29.2,21.1852,R,,,,,,,,,,959,,VMODE CLKUP
SPEC PURP VEH - MINIVAN - 4WD,DODGE,CARAVAN AWD,3.8,6,Auto(L4),4,16,23,19,17.7487,29.597,21.6486,R,,,,,,,,,,907,,CLKUP
SPEC PURP VEH - S.U.V. - 2WD,CHEVROLET,BLAZER 2WD,4.3,6,Auto(L4),R,16,21,18,17.9111,26.9107,21.084,R,,,,,,,,,,959,,CLKUP
SPEC PURP VEH - S.U.V. - 2WD,CHEVROLET,BLAZER 2WD,4.3,6,Manual(M5),R,17,23,19,18.9,29.6,22.5717,R,,,,,,,,,,907,,SIL
SPEC PURP VEH - S.U.V. - 2WD,CHEVROLET,C1500 SUBURBAN 2WD,5.7,8,Auto(L4),R,14,18,15,15.0971,23.1883,17.9092,R,,,,,,,,,,1151,,CLKUP
SPEC PURP VEH - S.U.V. - 2WD,CHEVROLET,C1500 TAHOE 2WD,5.7,8,Auto(L4),R,14,18,15,15.1033,22.6654,17.7715,R,,,,,,,,,,1151,,CLKUP
SPEC PURP VEH - S.U.V. - 2WD,CHEVROLET,TRACKER 2WD CONVERTIBLE,1.6,4,Manual(M5),R,25,28,26,28.0389,35.7429,31.0506,R,,,,,,,,,,664,,
SPEC PURP VEH - S.U.V. - 2WD,CHEVROLET,TRACKER 2WD CONVERTIBLE,2.0,4,Auto(L4),R,23,25,24,25.8822,32.6451,28.5431,R,,,,,,,,,,719,,2MODE 2LKUP
SPEC PURP VEH - S.U.V. - 2WD,CHEVROLET,TRACKER 2WD CONVERTIBLE,2.0,4,Manual(M5),R,23,25,24,25.3389,32.5686,28.151,R,,,,,,,,,,719,,
SPEC PURP VEH - S.U.V. - 2WD,CHEVROLET,TRACKER 2WD HARDTOP,2.0,4,Auto(L4),R,24,26,25,26.1777,33.2548,28.9502,R,,,,,,,,,,690,,2MODE 2LKUP
SPEC PURP VEH - S.U.V. - 2WD,CHEVROLET,TRACKER 2WD HARDTOP,2.0,4,Manual(M5),R,23,25,24,25.2775,32.631,28.1302,R,,,,,,,,,,719,,
SPEC PURP VEH - S.U.V. - 2WD,DODGE,DURANGO 2WD,3.9,6,Auto(L4),R,15,20,17,16.4,25.1419,19.442,R,,,,,,,,,,1014,,
SPEC PURP VEH - S.U.V. - 2WD,DODGE,DURANGO 2WD,5.2,8,Auto(L4),R,14,19,16,15.1,24.1,18.1501,R,,,,,,,,,,1078,,CLKUP
SPEC PURP VEH - S.U.V. - 2WD,DODGE,DURANGO 2WD,5.9,8,Auto(L4),R,12,17,14,13.8,21.5288,16.4589,R,,,,,,,,,,1232,,CLKUP
SPEC PURP VEH - S.U.V. - 2WD,FORD,EXPEDITION 2WD,4.6,8,Auto(L4),R,13,18,15,14.831,23.0418,17.6634,R,,,,,,,,,,1151,,CLKUP
SPEC PURP VEH - S.U.V. - 2WD,FORD,EXPEDITION 2WD,5.4,8,Auto(L4),R,13,18,14,13.9714,22.6481,16.8818,R,,,,,,,,,,1232,,CLKUP
SPEC PURP VEH - S.U.V. - 2WD,FORD,EXPLORER 2WD,4.0,6,Auto(L5),R,16,21,18,17.5654,26.7068,20.7636,R,,,,,,,,,,959,,CLKUP
SPEC PURP VEH - S.U.V. - 2WD,FORD,EXPLORER 2WD,4.0,6,Auto(L5),R,16,20,18,17.4,26.2,20.4982,R,,,,,,,,,,959,SOHC,CLKUP
SPEC PURP VEH - S.U.V. - 2WD,FORD,EXPLORER 2WD,4.0,6,Manual(M5),R,18,23,20,19.7,29,23.0224,R,,,,,,,,,,862,,
SPEC PURP VEH - S.U.V. - 2WD,FORD,EXPLORER 2WD,5.0,8,Auto(L4),R,14,19,16,15.6,24.4,18.6223,R,,,,,,,,,,1078,,CLKUP
SPEC PURP VEH - S.U.V. - 2WD,GMC,C1500 SUBURBAN 2WD,5.7,8,Auto(L4),R,14,18,15,15.0971,23.1883,17.9092,R,,,,,,,,,,1151,,CLKUP
SPEC PURP VEH - S.U.V. - 2WD,GMC,C1500 YUKON 2WD,5.7,8,Auto(L4),R,14,18,15,15.1033,22.6654,17.7715,R,,,,,,,,,,1151,,CLKUP
SPEC PURP VEH - S.U.V. - 2WD,GMC,JIMMY 2WD,4.3,6,Auto(L4),R,16,21,18,17.9111,26.9107,21.084,R,,,,,,,,,,959,,CLKUP
SPEC PURP VEH - S.U.V. - 2WD,GMC,JIMMY 2WD,4.3,6,Manual(M5),R,17,23,19,18.9,29.6,22.5717,R,,,,,,,,,,907,,SIL
SPEC PURP VEH - S.U.V. - 2WD,HONDA,PASSPORT 2WD,3.2,6,Auto(L4),R,16,20,18,18.2018,26.1263,21.0789,R,,,,,,,,,,959,V-6,2MODE CLKUP
SPEC PURP VEH - S.U.V. - 2WD,HONDA,PASSPORT 2WD,3.2,6,Manual(M5),R,18,21,19,19.6936,26.2936,22.2014,R,,,,,,,,,,907,V-6,SIL
SPEC PURP VEH - S.U.V. - 2WD,ISUZU,AMIGO 2WD,2.2,4,Manual(M5),R,21,24,22,22.927,31.1824,26.0278,R,,,,,,,,,,785,L-4,SIL
SPEC PURP VEH - S.U.V. - 2WD,ISUZU,AMIGO 2WD,3.2,6,Auto(L4),R,17,21,18,18.5802,26.4,21.4377,R,,,,,,,,,,959,V-6,2MODE CLKUP
SPEC PURP VEH - S.U.V. - 2WD,ISUZU,RODEO 2WD,2.2,4,Manual(M5),R,21,24,22,22.8268,30.8543,25.8537,R,,,,,,,,,,785,L-4,SIL
SPEC PURP VEH - S.U.V. - 2WD,ISUZU,RODEO 2WD,3.2,6,Auto(L4),R,16,20,18,18.1982,26.1101,21.0715,R,,,,,,,,,,959,V-6,2MODE CLKUP
SPEC PURP VEH - S.U.V. - 2WD,ISUZU,RODEO 2WD,3.2,6,Manual(M5),R,18,21,19,19.6843,26.285,22.1921,R,,,,,,,,,,907,V-6,SIL
SPEC PURP VEH - S.U.V. - 2WD,JEEP,CHEROKEE 2WD,2.5,4,Auto(L3),R,18,22,19,19.4928,27.6986,22.4912,R,,,,,,,,,,907,,
SPEC PURP VEH - S.U.V. - 2WD,JEEP,CHEROKEE 2WD,2.5,4,Manual(M5),R,21,25,23,23.0567,32.1755,26.427,R,,,,,,,,,,750,,SIL
SPEC PURP VEH - S.U.V. - 2WD,JEEP,CHEROKEE 2WD,4.0,6,Auto(L4),R,16,22,18,17.7247,28.1103,21.2592,R,,,,,,,,,,959,,
SPEC PURP VEH - S.U.V. - 2WD,JEEP,CHEROKEE 2WD,4.0,6,Manual(M5),R,18,24,20,19.8,30.8,23.5915,R,,,,,,,,,,862,,SIL
SPEC PURP VEH - S.U.V. - 2WD,JEEP,GRAND CHEROKEE 2WD,4.0,6,Auto(L4),R,16,21,18,17.7994,26.6966,20.9398,R,,,,,,,,,,959,,
SPEC PURP VEH - S.U.V. - 2WD,KIA,KIA SPORTAGE 2WD,2.0,4,Auto(L4),R,19,23,21,21.4499,29.2969,24.3896,R,,,,,,,,,,821,,2MODE CLKUP
SPEC PURP VEH - S.U.V. - 2WD,KIA,KIA SPORTAGE 2WD,2.0,4,Manual(M5),R,19,23,21,21.6,29,24.402,R,,,,,,,,,,821,,
SPEC PURP VEH - S.U.V. - 2WD,LINCOLN,NAVIGATOR 2WD,5.4,8,Auto(L4),R,13,18,14,13.9714,22.6481,16.8818,R,,,,,,,,,,1232,2V,CLKUP
SPEC PURP VEH - S.U.V. - 2WD,LINCOLN,NAVIGATOR 2WD,5.4,8,Auto(L4),R,13,17,15,14.4,22.1,17.0775,P,,,,,,,,,,1301,4V,CLKUP
SPEC PURP VEH - S.U.V. - 2WD,MERCURY,MOUNTAINEER 2WD,4.0,6,Auto(L5),R,15,20,17,17,25.8,20.0824,R,,,,,,,,,,1014,SOHC,CLKUP
SPEC PURP VEH - S.U.V. - 2WD,MERCURY,MOUNTAINEER 2WD,5.0,8,Auto(L4),R,14,19,16,15.6,24.4,18.6223,R,,,,,,,,,,1078,,CLKUP
SPEC PURP VEH - S.U.V. - 2WD,MITSUBISHI,MITSUBISHI MONTERO SPORT 2WD,2.4,4,Manual(M5),R,22,24,23,24.1229,30.801,26.731,R,,,,,,,,,,750,SOHC,
SPEC PURP VEH - S.U.V. - 2WD,MITSUBISHI,MITSUBISHI MONTERO SPORT 2WD,3.0,6,Auto(L4),R,18,21,20,20.3058,27.2419,22.9334,R,,,,,,,,,,862,SOHC,CLKUP
SPEC PURP VEH - S.U.V. - 2WD,MITSUBISHI,MITSUBISHI MONTERO SPORT 2WD,3.5,6,Auto(L4),R,17,20,18,18.5842,26.1855,21.3765,R,,,,,,,,,,959,SOHC,CLKUP
SPEC PURP VEH - S.U.V. - 2WD,MITSUBISHI,MITSUBISHI NATIVA 2WD,2.4,4,Auto(L4),R,19,24,21,20.7,30.6,24.2272,R,,,,,,,,,,821,SOHC,CLKUP
SPEC PURP VEH - S.U.V. - 2WD,MITSUBISHI,MITSUBISHI NATIVA 2WD,2.4,4,Manual(M5),R,22,24,23,24.1228,30.8047,26.7322,R,,,,,,,,,,750,SOHC,
SPEC PURP VEH - S.U.V. - 2WD,MITSUBISHI,MITSUBISHI NATIVA 2WD,3.0,6,Auto(L4),R,18,21,20,20.3058,27.2419,22.9334,R,,,,,,,,,,862,SOHC,CLKUP
SPEC PURP VEH - S.U.V. - 2WD,NISSAN,PATHFINDER 2WD,3.3,6,Auto(L4),R,16,20,17,17.4,25.4,20.2734,R,,,,,,,,,,1014,,2LKUP
SPEC PURP VEH - S.U.V. - 2WD,NISSAN,PATHFINDER 2WD,3.3,6,Manual(M5),R,17,19,18,18.5,24.7,20.8558,R,,,,,,,,,,959,,
SPEC PURP VEH - S.U.V. - 2WD,SUZUKI,GRAND VITARA 4-DOOR 2WD,2.5,6,Auto(L4),R,19,21,20,20.947,26.7477,23.2123,R,,,,,,,,,,862,,2MODE 2LKUP
SPEC PURP VEH - S.U.V. - 2WD,SUZUKI,GRAND VITARA 4-DOOR 2WD,2.5,6,Manual(M5),R,19,22,20,21.3,28.3,23.9678,R,,,,,,,,,,862,,
SPEC PURP VEH - S.U.V. - 2WD,SUZUKI,VITARA 2-DOOR 2WD,1.6,4,Auto(L4),R,25,27,26,27.3,34.9,30.2659,R,,,,,,,,,,664,,2MODE 2LKUP
SPEC PURP VEH - S.U.V. - 2WD,SUZUKI,VITARA 2-DOOR 2WD,1.6,4,Manual(M5),R,25,28,26,28.0151,35.8388,31.067,R,,,,,,,,,,664,,
SPEC PURP VEH - S.U.V. - 2WD,SUZUKI,VITARA 2-DOOR 2WD,2.0,4,Auto(L4),R,23,25,24,25.3,31.7,27.8282,R,,,,,,,,,,719,,2MODE 2LKUP
SPEC PURP VEH - S.U.V. - 2WD,SUZUKI,VITARA 2-DOOR 2WD,2.0,4,Manual(M5),R,22,24,23,24.6,31.2,27.1881,R,,,,,,,,,,750,,
SPEC PURP VEH - S.U.V. - 2WD,SUZUKI,VITARA 4-DOOR 2WD,2.0,4,Auto(L4),R,23,25,24,25.1,31.8,27.729,R,,,,,,,,,,719,,2MODE 2LKUP
SPEC PURP VEH - S.U.V. - 2WD,SUZUKI,VITARA 4-DOOR 2WD,2.0,4,Manual(M5),R,22,25,23,24.5,31.6,27.2558,R,,,,,,,,,,750,,
SPEC PURP VEH - S.U.V. - 2WD,TOYOTA,4RUNNER 2WD,2.7,4,Auto(L4),R,20,24,22,22.1,30.9,25.3486,R,,,,,,,,,,785,,2MODE CLKUP
SPEC PURP VEH - S.U.V. - 2WD,TOYOTA,4RUNNER 2WD,2.7,4,Manual(M5),R,18,23,20,20.4,29.8,23.7747,R,,,,,,,,,,862,,
SPEC PURP VEH - S.U.V. - 2WD,TOYOTA,4RUNNER 2WD,3.4,6,Auto(L4),R,17,21,19,19.3,26.7,22.0501,R,,,,,,,,,,907,,2MODE CLKUP
SPEC PURP VEH - S.U.V. - 2WD,TOYOTA,RAV4 2WD,2.0,4,Auto(L4),F,24,29,26,26.6,37,30.4517,R,,,,,,,,,,664,,2MODE CLKUP
SPEC PURP VEH - S.U.V. - 2WD,TOYOTA,RAV4 2WD,2.0,4,Manual(M5),F,24,29,26,27.1,37.3,30.9028,R,,,,,,,,,,664,,
SPEC PURP VEH - S.U.V. - 2WD,TOYOTA,RAV4 SOFT TOP 2WD,2.0,4,Auto(L4),F,24,29,26,26.6,37,30.4517,R,,,,,,,,,,664,,2MODE CLKUP
SPEC PURP VEH - S.U.V. - 2WD,TOYOTA,RAV4 SOFT TOP 2WD,2.0,4,Manual(M5),F,24,29,26,27.1,37.3,30.9028,R,,,,,,,,,,664,,
SPEC PURP VEH - S.U.V. - 4WD,ACURA,SLX,3.5,6,Auto(L4),4,15,19,17,16.5303,24.5203,19.3707,R,,,,,,,,,,1014,V-6,2MODE CLKUP
SPEC PURP VEH - S.U.V. - 4WD,CADILLAC,ESCALADE 4WD,5.7,8,Auto(L4),4,12,16,14,13.7,20.8,16.1863,R,,,,,,,,,,1232,,CLKUP
SPEC PURP VEH - S.U.V. - 4WD,CHEVROLET,BLAZER 4WD,4.3,6,Auto(L4),4,16,20,18,17.8,25.7,20.6575,R,,,,,,,,,,959,,CLKUP
SPEC PURP VEH - S.U.V. - 4WD,CHEVROLET,BLAZER 4WD,4.3,6,Manual(M5),4,15,18,16,16.2,22.5,18.5355,R,,,,,,,,,,1078,,SIL
SPEC PURP VEH - S.U.V. - 4WD,CHEVROLET,K1500 TAHOE 4WD,5.7,8,Auto(L4),4,12,16,14,13.7205,20.7702,16.1939,R,,,,,,,,,,1232,,CLKUP
SPEC PURP VEH - S.U.V. - 4WD,CHEVROLET,K1500 TAHOE 4WD,6.5,8,Auto(L4),4,15,19,16,16.1123,23.8999,18.8808,D,,T,,,,,,,,1031,,CLKUP
SPEC PURP VEH - S.U.V. - 4WD,CHEVROLET,TRACKER 4X4 CONVERTIBLE,1.6,4,Manual(M5),4,25,27,26,27.8217,34.8636,30.6033,R,,,,,,,,,,664,,
SPEC PURP VEH - S.U.V. - 4WD,CHEVROLET,TRACKER 4X4 CONVERTIBLE,2.0,4,Auto(L4),4,23,25,24,25.3224,31.7548,27.8621,R,,,,,,,,,,719,,2MODE 2LKUP
SPEC PURP VEH - S.U.V. - 4WD,CHEVROLET,TRACKER 4X4 CONVERTIBLE,2.0,4,Manual(M5),4,22,25,23,24.9544,31.6693,27.5866,R,,,,,,,,,,750,,
SPEC PURP VEH - S.U.V. - 4WD,CHEVROLET,TRACKER 4X4 HARDTOP,2.0,4,Auto(L4),4,23,25,24,25.2006,31.8931,27.8284,R,,,,,,,,,,719,,2MODE 2LKUP
SPEC PURP VEH - S.U.V. - 4WD,CHEVROLET,TRACKER 4X4 HARDTOP,2.0,4,Manual(M5),4,22,25,23,24.6,31.9694,27.4471,R,,,,,,,,,,750,,
SPEC PURP VEH - S.U.V. - 4WD,DODGE,DURANGO 4WD,3.9,6,Auto(L4),4,14,18,16,15.9641,23.2271,18.5783,R,,,,,,,,,,1078,,
SPEC PURP VEH - S.U.V. - 4WD,DODGE,DURANGO 4WD,5.2,8,Auto(L4),4,13,17,14,14.4,21.3,16.8574,R,,,,,,,,,,1232,,CLKUP
SPEC PURP VEH - S.U.V. - 4WD,DODGE,DURANGO 4WD,5.9,8,Auto(L4),4,12,16,14,13.1,21.1,15.7949,R,,,,,,,,,,1232,,CLKUP
SPEC PURP VEH - S.U.V. - 4WD,FORD,EXPEDITION 4WD,4.6,8,Auto(L4),4,12,16,14,13.7,20.6813,16.1538,R,,,,,,,,,,1232,,CLKUP
SPEC PURP VEH - S.U.V. - 4WD,FORD,EXPEDITION 4WD,5.4,8,Auto(L4),4,12,16,13,13,20.4,15.536,R,,,,,,,,,,1327,,CLKUP
SPEC PURP VEH - S.U.V. - 4WD,FORD,EXPLORER 4WD,4.0,6,Auto(L5),4,15,19,17,16.6005,24.7257,19.4813,R,,,,,,,,,,1014,,CLKUP
SPEC PURP VEH - S.U.V. - 4WD,FORD,EXPLORER 4WD,4.0,6,Auto(L5),4,15,19,17,16.8933,24.824,19.7297,R,,,,,,,,,,1014,SOHC,CLKUP
SPEC PURP VEH - S.U.V. - 4WD,FORD,EXPLORER 4WD,4.0,6,Manual(M5),4,16,20,18,17.9494,25.8541,20.813,R,,,,,,,,,,959,,
SPEC PURP VEH - S.U.V. - 4WD,FORD,EXPLORER 4WD,5.0,8,Auto(L4),4,14,19,16,15.3974,23.7849,18.3016,R,,,,,,,,,,1078,,CLKUP
SPEC PURP VEH - S.U.V. - 4WD,GMC,JIMMY 4WD,4.3,6,Auto(L4),4,16,20,18,17.8,25.7,20.6575,R,,,,,,,,,,959,,CLKUP
SPEC PURP VEH - S.U.V. - 4WD,GMC,JIMMY 4WD,4.3,6,Manual(M5),4,15,18,16,16.2,22.5,18.5355,R,,,,,,,,,,1078,,SIL
SPEC PURP VEH - S.U.V. - 4WD,GMC,K1500 YUKON 4WD,5.7,8,Auto(L4),4,12,16,14,13.7141,20.7963,16.1961,R,,,,,,,,,,1232,,CLKUP
SPEC PURP VEH - S.U.V. - 4WD,GMC,K1500 YUKON 4WD,6.5,8,Auto(L4),4,15,19,16,16.1123,23.8999,18.8808,D,,T,,,,,,,,1031,,CLKUP
SPEC PURP VEH - S.U.V. - 4WD,HONDA,PASSPORT 4WD,3.2,6,Auto(L4),4,16,20,18,18.2,26.1289,21.0783,R,,,,,,,,,,959,V-6,2MODE CLKUP
SPEC PURP VEH - S.U.V. - 4WD,HONDA,PASSPORT 4WD,3.2,6,Manual(M5),4,18,20,19,19.6818,26.2818,22.1893,R,,,,,,,,,,907,V-6,SIL
SPEC PURP VEH - S.U.V. - 4WD,INFINITI,QX4 4WD,3.3,6,Auto(L4),4,15,19,16,16.6,23.9443,19.2581,R,,,,,,,,,,1078,,2LKUP
SPEC PURP VEH - S.U.V. - 4WD,ISUZU,AMIGO 4WD,2.2,4,Manual(M5),4,20,23,21,22,29.5972,24.8731,R,,,,,,,,,,821,L-4,SIL
SPEC PURP VEH - S.U.V. - 4WD,ISUZU,AMIGO 4WD,3.2,6,Auto(L4),4,17,21,18,18.5694,26.4,21.4298,R,,,,,,,,,,959,V-6,2MODE CLKUP
SPEC PURP VEH - S.U.V. - 4WD,ISUZU,AMIGO 4WD,3.2,6,Manual(M5),4,18,21,19,19.7,26.3299,22.2175,R,,,,,,,,,,907,V-6,SIL
SPEC PURP VEH - S.U.V. - 4WD,ISUZU,RODEO 4WD,3.2,6,Auto(L4),4,16,20,18,18.2,26.1318,21.0792,R,,,,,,,,,,959,V-6,2MODE CLKUP
SPEC PURP VEH - S.U.V. - 4WD,ISUZU,RODEO 4WD,3.2,6,Manual(M5),4,18,20,19,19.6687,26.2687,22.1759,R,,,,,,,,,,907,V-6,SIL
SPEC PURP VEH - S.U.V. - 4WD,ISUZU,TROOPER,3.5,6,Auto(L4),4,15,19,17,16.5282,24.5119,19.3668,R,,,,,,,,,,1014,V-6,2MODE CLKUP
SPEC PURP VEH - S.U.V. - 4WD,ISUZU,TROOPER,3.5,6,Manual(M5),4,16,19,17,17.8,24.4,20.2669,R,,,,,,,,,,1014,V-6,SIL
SPEC PURP VEH - S.U.V. - 4WD,JEEP,CHEROKEE 4WD,2.5,4,Manual(M5),4,18,20,19,19.8,25.3,21.947,R,,,,,,,,,,907,,SIL
SPEC PURP VEH - S.U.V. - 4WD,JEEP,CHEROKEE 4WD,4.0,6,Auto(L4),4,16,21,18,17.4265,26.6378,20.638,R,,,,,,,,,,959,,
SPEC PURP VEH - S.U.V. - 4WD,JEEP,CHEROKEE 4WD,4.0,6,Manual(M5),4,17,22,19,19,28,22.2129,R,,,,,,,,,,907,,SIL
SPEC PURP VEH - S.U.V. - 4WD,JEEP,GRAND CHEROKEE 4WD,4.0,6,Auto(L4),4,16,21,18,17.4351,26.6392,20.645,R,,,,,,,,,,959,,
SPEC PURP VEH - S.U.V. - 4WD,JEEP,GRAND CHEROKEE 4WD,4.7,8,Auto(L4),4,15,19,16,16.2,23.8962,18.9458,R,,,,,,,,,,1078,,
SPEC PURP VEH - S.U.V. - 4WD,JEEP,WRANGLER 4WD,2.5,4,Auto(L3),4,16,18,17,17.7746,23.1,19.832,R,,,,,,,,,,1014,,
SPEC PURP VEH - S.U.V. - 4WD,JEEP,WRANGLER 4WD,2.5,4,Manual(M5),4,18,20,19,19.8,25.3,21.947,R,,,,,,,,,,907,,SIL
SPEC PURP VEH - S.U.V. - 4WD,JEEP,WRANGLER 4WD,4.0,6,Auto(L3),4,15,18,16,16.6,22.8,18.9145,R,,,,,,,,,,1078,,
SPEC PURP VEH - S.U.V. - 4WD,JEEP,WRANGLER 4WD,4.0,6,Manual(M5),4,16,19,17,17.5972,24.7574,20.2301,R,,,,,,,,,,1014,,SIL
SPEC PURP VEH - S.U.V. - 4WD,KIA,KIA SPORTAGE 4WD,2.0,4,Auto(L4),4,19,23,21,21.4499,29.2969,24.3896,R,,,,,,,,,,821,,2MODE CLKUP
SPEC PURP VEH - S.U.V. - 4WD,KIA,KIA SPORTAGE 4WD,2.0,4,Manual(M5),4,19,23,21,21.6,29,24.402,R,,,,,,,,,,821,,
SPEC PURP VEH - S.U.V. - 4WD,LAND ROVER,LAND ROVER DISCOVERY,4.0,8,Auto(L4),4,14,17,15,15.3,21.8,17.671,P,,,,,,,,,,1301,,
SPEC PURP VEH - S.U.V. - 4WD,LAND ROVER,LAND ROVER DISCOVERY SERIES II,4.0,8,Auto(L4),4,13,16,14,14.4104,20.7014,16.6932,P,,,,,,,,,,1392,,CLKUP
SPEC PURP VEH - S.U.V. - 4WD,LAND ROVER,RANGE ROVER,4.0,8,Auto(L4),4,13,16,14,14.4104,20.7014,16.6932,P,,,,,,,,,,1392,,CLKUP
SPEC PURP VEH - S.U.V. - 4WD,LAND ROVER,RANGE ROVER,4.6,8,Auto(L4),4,13,16,14,13.9999,20.5746,16.3513,P,,,,,,,,,,1392,,CLKUP
SPEC PURP VEH - S.U.V. - 4WD,LEXUS,LX 470,4.7,8,Auto(L4),4,13,16,15,14.9,20.9,17.1104,R,,,,,,,,,,1151,,2MODE CLKUP
SPEC PURP VEH - S.U.V. - 4WD,LINCOLN,NAVIGATOR 4WD,5.4,8,Auto(L4),4,12,16,13,13,20.4,15.536,R,,,,,,,,,,1327,2V,CLKUP
SPEC PURP VEH - S.U.V. - 4WD,LINCOLN,NAVIGATOR 4WD,5.4,8,Auto(L4),4,12,16,14,13.4846,21.0537,16.0872,P,,,,,,,,,,1392,4V,CLKUP
SPEC PURP VEH - S.U.V. - 4WD,MERCEDES-BENZ,ML320,3.2,6,Auto(L5),4,17,21,18,18.5526,26.3166,21.3927,P,,,,,,,,,,1084,,EMS 2MODE CLKUP
SPEC PURP VEH - S.U.V. - 4WD,MERCEDES-BENZ,ML430,4.3,8,Auto(L5),4,15,18,16,16.7,23.7,19.2599,P,,,,,,,,,,1219,,EMS 2MODE CLKUP
SPEC PURP VEH - S.U.V. - 4WD,MERCURY,MOUNTAINEER 4WD,4.0,6,Auto(L5),4,15,19,17,16.8823,24.824,19.7215,R,,,,,,,,,,1014,SOHC,CLKUP
SPEC PURP VEH - S.U.V. - 4WD,MERCURY,MOUNTAINEER 4WD,5.0,8,Auto(L4),4,14,19,16,15.3974,23.7849,18.3016,R,,,,,,,,,,1078,,CLKUP
SPEC PURP VEH - S.U.V. - 4WD,MITSUBISHI,MITSUBISHI MONTERO,3.0,6,Auto(L4),4,16,20,18,18.1855,25.3455,20.834,R,,,,,,,,,,959,SOHC,CLKUP
SPEC PURP VEH - S.U.V. - 4WD,MITSUBISHI,MITSUBISHI MONTERO,3.0,6,Manual(M5),4,16,18,17,17.3,23.2,19.5357,R,,,,,,,,,,1014,SOHC,
SPEC PURP VEH - S.U.V. - 4WD,MITSUBISHI,MITSUBISHI MONTERO,3.5,6,Auto(L4),4,16,19,17,17.3798,24.6885,20.0509,R,,,,,,,,,,1014,SOHC,CLKUP
SPEC PURP VEH - S.U.V. - 4WD,MITSUBISHI,MITSUBISHI MONTERO SPORT 4WD,3.0,6,Auto(L4),4,18,21,19,19.7589,26.6844,22.3716,R,,,,,,,,,,907,SOHC,CLKUP
SPEC PURP VEH - S.U.V. - 4WD,MITSUBISHI,MITSUBISHI MONTERO SPORT 4WD,3.0,6,Manual(M5),4,17,21,19,19.2438,26.3015,21.8867,R,,,,,,,,,,907,SOHC,
SPEC PURP VEH - S.U.V. - 4WD,MITSUBISHI,MITSUBISHI MONTERO SPORT 4WD,3.5,6,Auto(L4),4,16,20,18,18.0784,25.2348,20.723,R,,,,,,,,,,959,SOHC,CLKUP
SPEC PURP VEH - S.U.V. - 4WD,MITSUBISHI,MITSUBISHI NATIVA 4WD,3.0,6,Auto(L4),4,18,21,19,19.8022,26.9633,22.4901,R,,,,,,,,,,907,SOHC,CLKUP
SPEC PURP VEH - S.U.V. - 4WD,MITSUBISHI,MITSUBISHI NATIVA 4WD,3.0,6,Manual(M5),4,17,21,19,19.2438,26.3015,21.8867,R,,,,,,,,,,907,SOHC,
SPEC PURP VEH - S.U.V. - 4WD,NISSAN,PATHFINDER 4WD,3.3,6,Auto(L4),4,15,19,16,16.7,23.7475,19.274,R,,,,,,,,,,1078,,2LKUP
SPEC PURP VEH - S.U.V. - 4WD,NISSAN,PATHFINDER 4WD,3.3,6,Manual(M5),4,16,18,17,17.9,22.5,19.7137,R,,,,,,,,,,1014,,
SPEC PURP VEH - S.U.V. - 4WD,OLDSMOBILE,BRAVADA AWD,4.3,6,Auto(L4),4,16,20,18,17.8,25.7,20.6575,R,,,,,,,,,,959,,CLKUP
SPEC PURP VEH - S.U.V. - 4WD,SUZUKI,GRAND VITARA 4-DOOR 4WD,2.5,6,Auto(L4),4,18,20,19,20.5,26,22.6567,R,,,,,,,,,,907,,2MODE 2LKUP
SPEC PURP VEH - S.U.V. - 4WD,SUZUKI,GRAND VITARA 4-DOOR 4WD,2.5,6,Manual(M5),4,19,21,20,20.9,27.4,23.3978,R,,,,,,,,,,862,,
SPEC PURP VEH - S.U.V. - 4WD,SUZUKI,VITARA 2-DOOR 4WD,1.6,4,Auto(L4),4,24,27,25,26.6,34.1,29.5219,R,,,,,,,,,,690,,2MODE 2LKUP
SPEC PURP VEH - S.U.V. - 4WD,SUZUKI,VITARA 2-DOOR 4WD,1.6,4,Manual(M5),4,25,27,26,27.8669,34.9999,30.6807,R,,,,,,,,,,664,,
SPEC PURP VEH - S.U.V. - 4WD,SUZUKI,VITARA 2-DOOR 4WD,2.0,4,Auto(L4),4,23,25,24,25.3,31.7,27.8282,R,,,,,,,,,,719,,2MODE 2LKUP
SPEC PURP VEH - S.U.V. - 4WD,SUZUKI,VITARA 2-DOOR 4WD,2.0,4,Manual(M5),4,22,24,23,24.6,31.2,27.1881,R,,,,,,,,,,750,,
SPEC PURP VEH - S.U.V. - 4WD,SUZUKI,VITARA 4-DOOR 4WD,2.0,4,Auto(L4),4,23,25,24,25.1,31.8,27.729,R,,,,,,,,,,719,,2MODE 2LKUP
SPEC PURP VEH - S.U.V. - 4WD,SUZUKI,VITARA 4-DOOR 4WD,2.0,4,Manual(M5),4,22,25,23,24.5,31.6,27.2558,R,,,,,,,,,,750,,
SPEC PURP VEH - S.U.V. - 4WD,TOYOTA,4RUNNER 4WD,2.7,4,Auto(L4),4,18,21,19,19.9863,26.411,22.443,R,,,,,,,,,,907,,2MODE CLKUP
SPEC PURP VEH - S.U.V. - 4WD,TOYOTA,4RUNNER 4WD,2.7,4,Manual(M5),4,17,21,19,18.9472,26.948,21.869,R,,,,,,,,,,907,,
SPEC PURP VEH - S.U.V. - 4WD,TOYOTA,4RUNNER 4WD,3.4,6,Auto(L4),4,17,20,18,18.6968,25.0143,21.0942,R,,,,,,,,,,959,,2MODE CLKUP
SPEC PURP VEH - S.U.V. - 4WD,TOYOTA,4RUNNER 4WD,3.4,6,Manual(M5),4,17,19,18,18.6,24.9359,21.0013,R,,,,,,,,,,959,,
SPEC PURP VEH - S.U.V. - 4WD,TOYOTA,LAND CRUISER WAGON 4WD,4.7,8,Auto(L4),4,13,16,15,14.9,20.9,17.1104,R,,,,,,,,,,1151,,2MODE CLKUP
SPEC PURP VEH - S.U.V. - 4WD,TOYOTA,RAV4 4WD,2.0,4,Auto(L4),4,22,26,24,24.2899,33.9325,27.8514,R,,,,,,,,,,719,,2MODE CLKUP
SPEC PURP VEH - S.U.V. - 4WD,TOYOTA,RAV4 4WD,2.0,4,Manual(M5),4,22,25,23,24.1536,32.1723,27.2049,R,,,,,,,,,,750,,
SPEC PURP VEH - S.U.V. - 4WD,TOYOTA,RAV4 SOFT TOP 4WD,2.0,4,Auto(L4),4,22,26,24,24.973,33.8132,28.3028,R,,,,,,,,,,719,,2MODE CLKUP
SPEC PURP VEH - S.U.V. - 4WD,TOYOTA,RAV4 SOFT TOP 4WD,2.0,4,Manual(M5),4,22,26,24,24.9,33.4,28.1204,R,,,,,,,,,,719
